{
  "PostgreSQL": {
    "Q1": {
      "all_ms": [
        15246.184977702796,
        15028.577524237335,
        14888.80927907303
      ],
      "average_ms": 15054.523927004388,
      "min_ms": 14888.80927907303,
      "max_ms": 15246.184977702796
    },
    "Q3": {
      "all_ms": [
        4693.151815328747,
        4404.1334870271385,
        4399.381699971855
      ],
      "average_ms": 4498.889000775914,
      "min_ms": 4399.381699971855,
      "max_ms": 4693.151815328747
    },
    "Q6": {
      "all_ms": [
        2082.5572828762233,
        2077.2490007802844,
        2080.73199307546
      ],
      "average_ms": 2080.1794255773225,
      "min_ms": 2077.2490007802844,
      "max_ms": 2082.5572828762233
    }
  },
  "DuckDB": {
    "Q1": {
      "all_ms": [
        152.75198873132467,
        82.40655390545726,
        88.21803703904152
      ],
      "average_ms": 107.79219322527449,
      "min_ms": 82.40655390545726,
      "max_ms": 152.75198873132467
    },
    "Q3": {
      "all_ms": [
        114.49006898328662,
        85.48186300322413,
        94.56225205212831
      ],
      "average_ms": 98.17806134621303,
      "min_ms": 85.48186300322413,
      "max_ms": 114.49006898328662
    },
    "Q6": {
      "all_ms": [
        21.322396118193865,
        19.235483836382627,
        19.68725025653839
      ],
      "average_ms": 20.081710070371628,
      "min_ms": 19.235483836382627,
      "max_ms": 21.322396118193865
    }
  }
}