{
  "GenDB": {
    "Q1": {
      "all_ms": [
        55.24,
        43.33,
        42.97
      ],
      "average_ms": 47.18,
      "min_ms": 42.97,
      "max_ms": 55.24
    },
    "Q18": {
      "all_ms": [
        242.60000000000002,
        214.54999999999998,
        224.74
      ],
      "average_ms": 227.29666666666665,
      "min_ms": 214.54999999999998,
      "max_ms": 242.60000000000002
    },
    "Q3": {
      "all_ms": [
        250.95000000000002,
        249.04999999999998,
        268.8
      ],
      "average_ms": 256.26666666666665,
      "min_ms": 249.04999999999998,
      "max_ms": 268.8
    },
    "Q6": {
      "all_ms": [
        21.959999999999997,
        20.66,
        23.22
      ],
      "average_ms": 21.94666666666667,
      "min_ms": 20.66,
      "max_ms": 23.22
    },
    "Q9": {
      "all_ms": [
        134.73000000000002,
        132.65,
        131.53
      ],
      "average_ms": 132.97,
      "min_ms": 131.53,
      "max_ms": 134.73000000000002
    }
  },
  "PostgreSQL": {
    "Q1": {
      "all_ms": [
        6276.633371133357,
        6274.7220187447965,
        6296.978495083749
      ],
      "average_ms": 6282.777961653967,
      "min_ms": 6274.7220187447965,
      "max_ms": 6296.978495083749
    },
    "Q18": {
      "all_ms": [
        32994.15452638641,
        33541.95844195783,
        34524.8401761055
      ],
      "average_ms": 33686.98438148325,
      "min_ms": 32994.15452638641,
      "max_ms": 34524.8401761055
    },
    "Q3": {
      "all_ms": [
        2017.9818598553538,
        1940.5570230446756,
        1901.7361653968692
      ],
      "average_ms": 1953.4250160989661,
      "min_ms": 1901.7361653968692,
      "max_ms": 2017.9818598553538
    },
    "Q6": {
      "all_ms": [
        1097.0843341201544,
        1055.4170040413737,
        1050.287521444261
      ],
      "average_ms": 1067.596286535263,
      "min_ms": 1050.287521444261,
      "max_ms": 1097.0843341201544
    },
    "Q9": {
      "all_ms": [
        9213.171923998743,
        9205.131168942899,
        9907.1537242271
      ],
      "average_ms": 9441.818939056247,
      "min_ms": 9205.131168942899,
      "max_ms": 9907.1537242271
    }
  },
  "DuckDB": {
    "Q1": {
      "all_ms": [
        175.43745832517743,
        85.13597911223769,
        83.29491596668959
      ],
      "average_ms": 114.62278446803491,
      "min_ms": 83.29491596668959,
      "max_ms": 175.43745832517743
    },
    "Q18": {
      "all_ms": [
        302.19304701313376,
        185.81756111234426,
        193.3442149311304
      ],
      "average_ms": 227.1182743522028,
      "min_ms": 185.81756111234426,
      "max_ms": 302.19304701313376
    },
    "Q3": {
      "all_ms": [
        87.15736865997314,
        89.82940623536706,
        85.6989799067378
      ],
      "average_ms": 87.56191826735933,
      "min_ms": 85.6989799067378,
      "max_ms": 89.82940623536706
    },
    "Q6": {
      "all_ms": [
        21.969496738165617,
        19.47126304730773,
        20.00675117596984
      ],
      "average_ms": 20.482503653814394,
      "min_ms": 19.47126304730773,
      "max_ms": 21.969496738165617
    },
    "Q9": {
      "all_ms": [
        288.87573489919305,
        266.44810987636447,
        252.40340922027826
      ],
      "average_ms": 269.2424179986119,
      "min_ms": 252.40340922027826,
      "max_ms": 288.87573489919305
    }
  },
  "ClickHouse": {
    "Q1": {
      "all_ms": [
        363.87530993670225,
        249.74917620420456,
        254.50162403285503
      ],
      "average_ms": 289.37537005792063,
      "min_ms": 249.74917620420456,
      "max_ms": 363.87530993670225
    },
    "Q18": {
      "all_ms": [
        293.7748902477324,
        314.7245151922107,
        273.28896103426814
      ],
      "average_ms": 293.92945549140376,
      "min_ms": 273.28896103426814,
      "max_ms": 314.7245151922107
    },
    "Q3": {
      "all_ms": [
        449.43340215831995,
        472.589461132884,
        510.0800381042063
      ],
      "average_ms": 477.3676337984701,
      "min_ms": 449.43340215831995,
      "max_ms": 510.0800381042063
    },
    "Q6": {
      "all_ms": [
        116.09925189986825,
        75.97007928416133,
        84.76141327992082
      ],
      "average_ms": 92.2769148213168,
      "min_ms": 75.97007928416133,
      "max_ms": 116.09925189986825
    },
    "Q9": {
      "all_ms": [
        1448.5628721304238,
        1398.4585292637348,
        1383.9868507348
      ],
      "average_ms": 1410.3360840429862,
      "min_ms": 1383.9868507348,
      "max_ms": 1448.5628721304238
    }
  },
  "Umbra": {
    "Q1": {
      "all_ms": [
        1931.5477199852467,
        96.32038185372949,
        88.78073561936617
      ],
      "average_ms": 705.5496124861141,
      "min_ms": 88.78073561936617,
      "max_ms": 1931.5477199852467
    },
    "Q18": {
      "all_ms": [
        2135.5143170803785,
        220.8604123443365,
        215.9549379721284
      ],
      "average_ms": 857.4432224656144,
      "min_ms": 215.9549379721284,
      "max_ms": 2135.5143170803785
    },
    "Q3": {
      "all_ms": [
        120.58896105736494,
        98.25809905305505,
        73.6532649025321
      ],
      "average_ms": 97.5001083376507,
      "min_ms": 73.6532649025321,
      "max_ms": 120.58896105736494
    },
    "Q6": {
      "all_ms": [
        37.92891185730696,
        27.933933306485415,
        6.039580795913935
      ],
      "average_ms": 23.967475319902103,
      "min_ms": 6.039580795913935,
      "max_ms": 37.92891185730696
    },
    "Q9": {
      "all_ms": [
        2299.731519073248,
        228.1877058558166,
        212.00262801721692
      ],
      "average_ms": 913.3072843154272,
      "min_ms": 212.00262801721692,
      "max_ms": 2299.731519073248
    }
  },
  "MonetDB": {
    "Q1": {
      "all_ms": [
        739.4653973169625,
        471.7107224278152,
        449.13370395079255
      ],
      "average_ms": 553.4366078985234,
      "min_ms": 449.13370395079255,
      "max_ms": 739.4653973169625
    },
    "Q18": {
      "all_ms": [
        596.2645933032036,
        602.663273923099,
        604.5398837886751
      ],
      "average_ms": 601.1559170049926,
      "min_ms": 596.2645933032036,
      "max_ms": 604.5398837886751
    },
    "Q3": {
      "all_ms": [
        230.74282705783844,
        219.6654211729765,
        206.74954121932387
      ],
      "average_ms": 219.0525964833796,
      "min_ms": 206.74954121932387,
      "max_ms": 230.74282705783844
    },
    "Q6": {
      "all_ms": [
        100.5699741654098,
        98.97209098562598,
        105.33370031043887
      ],
      "average_ms": 101.62525515382488,
      "min_ms": 98.97209098562598,
      "max_ms": 105.33370031043887
    },
    "Q9": {
      "all_ms": [
        355.18894577398896,
        365.6238140538335,
        352.30541275814176
      ],
      "average_ms": 357.70605752865475,
      "min_ms": 352.30541275814176,
      "max_ms": 365.6238140538335
    }
  }
}