{
  "GenDB": {
    "Q1": {
      "all_ms": [
        48.0,
        47.0,
        48.0
      ],
      "average_ms": 47.666666666666664,
      "min_ms": 47.0,
      "max_ms": 48.0
    },
    "Q3": {
      "all_ms": [
        374.0,
        385.0,
        387.0
      ],
      "average_ms": 382.0,
      "min_ms": 374.0,
      "max_ms": 387.0
    },
    "Q6": {
      "all_ms": [
        28.32,
        28.2,
        28.42
      ],
      "average_ms": 28.313333333333333,
      "min_ms": 28.2,
      "max_ms": 28.42
    }
  },
  "PostgreSQL": {
    "Q1": {
      "all_ms": [
        15721.78169991821,
        15346.149012912065,
        15089.531595818698
      ],
      "average_ms": 15385.820769549659,
      "min_ms": 15089.531595818698,
      "max_ms": 15721.78169991821
    },
    "Q3": {
      "all_ms": [
        5460.556409787387,
        5722.547562792897,
        5456.242588348687
      ],
      "average_ms": 5546.44885364299,
      "min_ms": 5456.242588348687,
      "max_ms": 5722.547562792897
    },
    "Q6": {
      "all_ms": [
        2373.694839887321,
        2376.9896901212633,
        2367.584497202188
      ],
      "average_ms": 2372.7563424035907,
      "min_ms": 2367.584497202188,
      "max_ms": 2376.9896901212633
    }
  },
  "DuckDB": {
    "Q1": {
      "all_ms": [
        154.12480803206563,
        83.3748378790915,
        84.70846572890878
      ],
      "average_ms": 107.40270388002197,
      "min_ms": 83.3748378790915,
      "max_ms": 154.12480803206563
    },
    "Q3": {
      "all_ms": [
        128.1652539037168,
        90.84510523825884,
        83.01161089912057
      ],
      "average_ms": 100.67399001369874,
      "min_ms": 83.01161089912057,
      "max_ms": 128.1652539037168
    },
    "Q6": {
      "all_ms": [
        22.50941889360547,
        19.350862130522728,
        19.306799862533808
      ],
      "average_ms": 20.38902696222067,
      "min_ms": 19.306799862533808,
      "max_ms": 22.50941889360547
    }
  }
}