{
  "GenDB": {
    "Q1": {
      "all_ms": [
        239.0
      ],
      "best_ms": 239.0
    },
    "Q3": {
      "all_ms": [
        365.0
      ],
      "best_ms": 365.0
    },
    "Q6": {
      "all_ms": [
        22.0
      ],
      "best_ms": 22.0
    }
  },
  "PostgreSQL": {
    "Q1": {
      "all_ms": [
        16173.078554682434,
        15697.700292803347,
        15543.09131205082
      ],
      "best_ms": 15543.09131205082
    },
    "Q3": {
      "all_ms": [
        5362.8296330571175,
        5258.121571969241,
        5214.463345240802
      ],
      "best_ms": 5214.463345240802
    },
    "Q6": {
      "all_ms": [
        2603.9345706813037,
        2613.1845959462225,
        2580.2187910303473
      ],
      "best_ms": 2580.2187910303473
    }
  },
  "DuckDB": {
    "Q1": {
      "all_ms": [
        187.7491408959031,
        101.04398988187313,
        100.76736193150282
      ],
      "best_ms": 100.76736193150282
    },
    "Q3": {
      "all_ms": [
        156.30617877468467,
        98.3460801653564,
        85.90511931106448
      ],
      "best_ms": 85.90511931106448
    },
    "Q6": {
      "all_ms": [
        29.714068863540888,
        21.966501604765654,
        20.599063020199537
      ],
      "best_ms": 20.599063020199537
    }
  }
}