{
  "GenDB": {
    "Q1": {
      "all_ms": [
        592.82,
        49.089999999999996,
        38.25
      ],
      "average_ms": 226.72000000000003,
      "min_ms": 38.25,
      "max_ms": 592.82
    },
    "Q18": {
      "all_ms": [
        1479.6299999999999,
        1190.95,
        1171.96
      ],
      "average_ms": 1280.8466666666666,
      "min_ms": 1171.96,
      "max_ms": 1479.6299999999999
    },
    "Q3": {
      "all_ms": [
        206.18,
        144.4,
        139.69000000000003
      ],
      "average_ms": 163.42333333333335,
      "min_ms": 139.69000000000003,
      "max_ms": 206.18
    },
    "Q6": {
      "all_ms": [
        31.919999999999998,
        6.12,
        6.83
      ],
      "average_ms": 14.956666666666665,
      "min_ms": 6.12,
      "max_ms": 31.919999999999998
    },
    "Q9": {
      "all_ms": [
        753.31,
        95.23,
        97.31
      ],
      "average_ms": 315.2833333333333,
      "min_ms": 95.23,
      "max_ms": 753.31
    }
  },
  "PostgreSQL": {
    "Q1": {
      "all_ms": [
        36117.233890108764,
        6519.232450984418,
        6344.45973392576
      ],
      "average_ms": 16326.975358339647,
      "min_ms": 6344.45973392576,
      "max_ms": 36117.233890108764
    },
    "Q18": {
      "all_ms": [
        40668.157923966646,
        35409.69249419868,
        31408.289602957666
      ],
      "average_ms": 35828.71334037433,
      "min_ms": 31408.289602957666,
      "max_ms": 40668.157923966646
    },
    "Q3": {
      "all_ms": [
        5545.430309604853,
        2091.0161859355867,
        2010.1539557799697
      ],
      "average_ms": 3215.53348377347,
      "min_ms": 2010.1539557799697,
      "max_ms": 5545.430309604853
    },
    "Q6": {
      "all_ms": [
        1162.2734940610826,
        1183.8469039648771,
        1172.80029412359
      ],
      "average_ms": 1172.97356404985,
      "min_ms": 1162.2734940610826,
      "max_ms": 1183.8469039648771
    },
    "Q9": {
      "all_ms": [
        51930.23592699319,
        43332.97659410164,
        42041.29195632413
      ],
      "average_ms": 45768.168159139655,
      "min_ms": 42041.29195632413,
      "max_ms": 51930.23592699319
    }
  },
  "DuckDB": {
    "Q1": {
      "all_ms": [
        2666.2159957922995,
        90.38400184363127,
        83.21389183402061
      ],
      "average_ms": 946.6046298233172,
      "min_ms": 83.21389183402061,
      "max_ms": 2666.2159957922995
    },
    "Q18": {
      "all_ms": [
        1210.2578049525619,
        182.7384438365698,
        201.92854991182685
      ],
      "average_ms": 531.6415995669862,
      "min_ms": 182.7384438365698,
      "max_ms": 1210.2578049525619
    },
    "Q3": {
      "all_ms": [
        113.883838057518,
        78.84618127718568,
        87.4327109195292
      ],
      "average_ms": 93.38757675141096,
      "min_ms": 78.84618127718568,
      "max_ms": 113.883838057518
    },
    "Q6": {
      "all_ms": [
        21.263618022203445,
        19.235609099268913,
        20.6340616568923
      ],
      "average_ms": 20.37776292612155,
      "min_ms": 19.235609099268913,
      "max_ms": 21.263618022203445
    },
    "Q9": {
      "all_ms": [
        1820.3354948200285,
        247.41390394046903,
        236.8842400610447
      ],
      "average_ms": 768.2112129405141,
      "min_ms": 236.8842400610447,
      "max_ms": 1820.3354948200285
    }
  },
  "ClickHouse": {
    "Q1": {
      "all_ms": [
        2824.8566766269505,
        260.37982990965247,
        246.2916010990739
      ],
      "average_ms": 1110.5093692118924,
      "min_ms": 246.2916010990739,
      "max_ms": 2824.8566766269505
    },
    "Q18": {
      "all_ms": [
        1301.7375878989697,
        357.8041112050414,
        287.44901018217206
      ],
      "average_ms": 648.9969030953944,
      "min_ms": 287.44901018217206,
      "max_ms": 1301.7375878989697
    },
    "Q3": {
      "all_ms": [
        473.79673598334193,
        439.0477128326893,
        474.7940110974014
      ],
      "average_ms": 462.5461533044775,
      "min_ms": 439.0477128326893,
      "max_ms": 474.7940110974014
    },
    "Q6": {
      "all_ms": [
        110.5436272919178,
        71.81890029460192,
        79.4916138984263
      ],
      "average_ms": 87.28471382831533,
      "min_ms": 71.81890029460192,
      "max_ms": 110.5436272919178
    },
    "Q9": {
      "all_ms": [
        2516.4648918434978,
        1244.6772428229451,
        1238.1689278408885
      ],
      "average_ms": 1666.437020835777,
      "min_ms": 1238.1689278408885,
      "max_ms": 2516.4648918434978
    }
  },
  "Umbra": {
    "Q1": {
      "all_ms": [
        2117.569725960493,
        101.83833399787545,
        83.77710869535804
      ],
      "average_ms": 767.7283895512422,
      "min_ms": 83.77710869535804,
      "max_ms": 2117.569725960493
    },
    "Q18": {
      "all_ms": [
        2299.7163450345397,
        173.03679417818785,
        193.06016620248556
      ],
      "average_ms": 888.6044351384044,
      "min_ms": 173.03679417818785,
      "max_ms": 2299.7163450345397
    },
    "Q3": {
      "all_ms": [
        183.6577751673758,
        75.90909907594323,
        68.0575929582119
      ],
      "average_ms": 109.20815573384364,
      "min_ms": 68.0575929582119,
      "max_ms": 183.6577751673758
    },
    "Q6": {
      "all_ms": [
        45.67979369312525,
        16.049249097704887,
        47.895470168441534
      ],
      "average_ms": 36.54150431975722,
      "min_ms": 16.049249097704887,
      "max_ms": 47.895470168441534
    },
    "Q9": {
      "all_ms": [
        2422.4446890875697,
        238.30470023676753,
        176.7252879217267
      ],
      "average_ms": 945.8248924153546,
      "min_ms": 176.7252879217267,
      "max_ms": 2422.4446890875697
    }
  },
  "MonetDB": {
    "Q1": {
      "all_ms": [
        4099.177240859717,
        561.8998920544982,
        554.3317282572389
      ],
      "average_ms": 1738.4696203904848,
      "min_ms": 554.3317282572389,
      "max_ms": 4099.177240859717
    },
    "Q18": {
      "all_ms": [
        1636.60281104967,
        554.9911190755665,
        717.5673292949796
      ],
      "average_ms": 969.7204198067387,
      "min_ms": 554.9911190755665,
      "max_ms": 1636.60281104967
    },
    "Q3": {
      "all_ms": [
        837.0862859301269,
        202.40441197529435,
        203.93815590068698
      ],
      "average_ms": 414.47628460203606,
      "min_ms": 202.40441197529435,
      "max_ms": 837.0862859301269
    },
    "Q6": {
      "all_ms": [
        57.44376825168729,
        44.60223577916622,
        39.99672131612897
      ],
      "average_ms": 47.347575115660824,
      "min_ms": 39.99672131612897,
      "max_ms": 57.44376825168729
    },
    "Q9": {
      "all_ms": [
        2704.4713450595737,
        207.47312577441335,
        179.8492632806301
      ],
      "average_ms": 1030.597911371539,
      "min_ms": 179.8492632806301,
      "max_ms": 2704.4713450595737
    }
  }
}