{
  "GenDB": {
    "Q1": {
      "all_ms": [
        86.99000000000001,
        88.5,
        84.57
      ],
      "average_ms": 86.68666666666667,
      "min_ms": 84.57,
      "max_ms": 88.5
    },
    "Q18": {
      "all_ms": [
        76.67,
        67.41000000000001,
        82.84
      ],
      "average_ms": 75.64,
      "min_ms": 67.41000000000001,
      "max_ms": 82.84
    },
    "Q3": {
      "all_ms": [
        90.87,
        88.77,
        94.26
      ],
      "average_ms": 91.3,
      "min_ms": 88.77,
      "max_ms": 94.26
    },
    "Q6": {
      "all_ms": [
        26.55,
        24.87,
        23.740000000000002
      ],
      "average_ms": 25.05333333333333,
      "min_ms": 23.740000000000002,
      "max_ms": 26.55
    },
    "Q9": {
      "all_ms": [
        59.93,
        106.78,
        61.04
      ],
      "average_ms": 75.91666666666667,
      "min_ms": 59.93,
      "max_ms": 106.78
    }
  },
  "PostgreSQL": {
    "Q1": {
      "all_ms": [
        6149.055909831077,
        6104.539491701871,
        6050.3295618109405
      ],
      "average_ms": 6101.3083211146295,
      "min_ms": 6050.3295618109405,
      "max_ms": 6149.055909831077
    },
    "Q18": {
      "all_ms": [
        34229.02810713276,
        30920.434941072017,
        31057.27331386879
      ],
      "average_ms": 32068.91212069119,
      "min_ms": 30920.434941072017,
      "max_ms": 34229.02810713276
    },
    "Q3": {
      "all_ms": [
        1912.7597669139504,
        1885.4334042407572,
        1882.127903867513
      ],
      "average_ms": 1893.4403583407402,
      "min_ms": 1882.127903867513,
      "max_ms": 1912.7597669139504
    },
    "Q6": {
      "all_ms": [
        1030.957198701799,
        1042.1156650409102,
        1045.3545148484409
      ],
      "average_ms": 1039.4757928637166,
      "min_ms": 1030.957198701799,
      "max_ms": 1045.3545148484409
    },
    "Q9": {
      "all_ms": [
        8853.536886163056,
        8811.385435052216,
        8850.269205868244
      ],
      "average_ms": 8838.397175694505,
      "min_ms": 8811.385435052216,
      "max_ms": 8853.536886163056
    }
  },
  "DuckDB": {
    "Q1": {
      "all_ms": [
        168.54804707691073,
        82.95350009575486,
        82.43326470255852
      ],
      "average_ms": 111.31160395840804,
      "min_ms": 82.43326470255852,
      "max_ms": 168.54804707691073
    },
    "Q18": {
      "all_ms": [
        294.29358802735806,
        183.0972721800208,
        173.88447606936097
      ],
      "average_ms": 217.09177875891328,
      "min_ms": 173.88447606936097,
      "max_ms": 294.29358802735806
    },
    "Q3": {
      "all_ms": [
        78.92368314787745,
        83.95405020564795,
        88.99057609960437
      ],
      "average_ms": 83.95610315104325,
      "min_ms": 78.92368314787745,
      "max_ms": 88.99057609960437
    },
    "Q6": {
      "all_ms": [
        21.955945063382387,
        19.297259859740734,
        19.523276016116142
      ],
      "average_ms": 20.25882697974642,
      "min_ms": 19.297259859740734,
      "max_ms": 21.955945063382387
    },
    "Q9": {
      "all_ms": [
        279.5072910375893,
        270.41418477892876,
        276.3939630240202
      ],
      "average_ms": 275.43847961351275,
      "min_ms": 270.41418477892876,
      "max_ms": 279.5072910375893
    }
  },
  "ClickHouse": {
    "Q1": {
      "all_ms": [
        355.06475577130914,
        256.86812261119485,
        260.15306264162064
      ],
      "average_ms": 290.6953136747082,
      "min_ms": 256.86812261119485,
      "max_ms": 355.06475577130914
    },
    "Q18": {
      "all_ms": [
        349.33496126905084,
        335.21746564656496,
        245.87506894022226
      ],
      "average_ms": 310.1424986186127,
      "min_ms": 245.87506894022226,
      "max_ms": 349.33496126905084
    },
    "Q3": {
      "all_ms": [
        431.4843360334635,
        452.35790498554707,
        505.53074292838573
      ],
      "average_ms": 463.12432798246545,
      "min_ms": 431.4843360334635,
      "max_ms": 505.53074292838573
    },
    "Q6": {
      "all_ms": [
        113.95573010668159,
        78.07206828147173,
        76.01176807656884
      ],
      "average_ms": 89.34652215490739,
      "min_ms": 76.01176807656884,
      "max_ms": 113.95573010668159
    },
    "Q9": {
      "all_ms": [
        1281.124775763601,
        1216.769813094288,
        1201.1307068169117
      ],
      "average_ms": 1233.0084318916004,
      "min_ms": 1201.1307068169117,
      "max_ms": 1281.124775763601
    }
  },
  "Umbra": {
    "Q1": {
      "all_ms": [
        846.6648967005312,
        86.17321867495775,
        87.81829895451665
      ],
      "average_ms": 340.21880477666855,
      "min_ms": 86.17321867495775,
      "max_ms": 846.6648967005312
    },
    "Q18": {
      "all_ms": [
        1969.3376831710339,
        215.49880178645253,
        205.1182361319661
      ],
      "average_ms": 796.6515736964842,
      "min_ms": 205.1182361319661,
      "max_ms": 1969.3376831710339
    },
    "Q3": {
      "all_ms": [
        127.58920900523663,
        76.1950621381402,
        107.49922087416053
      ],
      "average_ms": 103.76116400584579,
      "min_ms": 76.1950621381402,
      "max_ms": 127.58920900523663
    },
    "Q6": {
      "all_ms": [
        13.956349808722734,
        15.982256270945072,
        16.063922084867954
      ],
      "average_ms": 15.334176054845253,
      "min_ms": 13.956349808722734,
      "max_ms": 16.063922084867954
    },
    "Q9": {
      "all_ms": [
        1538.1831619888544,
        251.38487899675965,
        256.18418911471963
      ],
      "average_ms": 681.9174100334445,
      "min_ms": 251.38487899675965,
      "max_ms": 1538.1831619888544
    }
  },
  "MonetDB": {
    "Q1": {
      "all_ms": [
        698.7810097634792,
        482.0661540143192,
        460.28260374441743
      ],
      "average_ms": 547.0432558407387,
      "min_ms": 460.28260374441743,
      "max_ms": 698.7810097634792
    },
    "Q18": {
      "all_ms": [
        607.1523567661643,
        603.1780620105565,
        570.7792979665101
      ],
      "average_ms": 593.7032389144102,
      "min_ms": 570.7792979665101,
      "max_ms": 607.1523567661643
    },
    "Q3": {
      "all_ms": [
        232.22808865830302,
        230.0606770440936,
        241.70360295102
      ],
      "average_ms": 234.66412288447222,
      "min_ms": 230.0606770440936,
      "max_ms": 241.70360295102
    },
    "Q6": {
      "all_ms": [
        101.54433781281114,
        103.28163811936975,
        114.76550111547112
      ],
      "average_ms": 106.53049234921734,
      "min_ms": 101.54433781281114,
      "max_ms": 114.76550111547112
    },
    "Q9": {
      "all_ms": [
        381.94251479581,
        365.57785188779235,
        336.031137034297
      ],
      "average_ms": 361.1838345726331,
      "min_ms": 336.031137034297,
      "max_ms": 381.94251479581
    }
  }
}