{
  "GenDB": {
    "Q1": {
      "all_ms": [
        42.0,
        45.0,
        43.0
      ],
      "average_ms": 43.333333333333336,
      "min_ms": 42.0,
      "max_ms": 45.0
    },
    "Q3": {
      "all_ms": [
        345.0,
        337.0,
        337.0
      ],
      "average_ms": 339.6666666666667,
      "min_ms": 337.0,
      "max_ms": 345.0
    },
    "Q6": {
      "all_ms": [
        10.0,
        10.0,
        10.0
      ],
      "average_ms": 10.0,
      "min_ms": 10.0,
      "max_ms": 10.0
    }
  },
  "PostgreSQL": {
    "Q1": {
      "all_ms": [
        15514.110476709902,
        15572.829287033528,
        15607.81155899167
      ],
      "average_ms": 15564.917107578367,
      "min_ms": 15514.110476709902,
      "max_ms": 15607.81155899167
    },
    "Q3": {
      "all_ms": [
        5418.329859152436,
        5402.3495288565755,
        5365.135170985013
      ],
      "average_ms": 5395.271519664675,
      "min_ms": 5365.135170985013,
      "max_ms": 5418.329859152436
    },
    "Q6": {
      "all_ms": [
        2431.656781118363,
        2447.6810940541327,
        2426.4866770245135
      ],
      "average_ms": 2435.2748507323363,
      "min_ms": 2426.4866770245135,
      "max_ms": 2447.6810940541327
    }
  },
  "DuckDB": {
    "Q1": {
      "all_ms": [
        153.91928190365434,
        87.35903771594167,
        82.34938979148865
      ],
      "average_ms": 107.87590313702822,
      "min_ms": 82.34938979148865,
      "max_ms": 153.91928190365434
    },
    "Q3": {
      "all_ms": [
        113.32844197750092,
        79.71644680947065,
        80.64416889101267
      ],
      "average_ms": 91.22968589266141,
      "min_ms": 79.71644680947065,
      "max_ms": 113.32844197750092
    },
    "Q6": {
      "all_ms": [
        21.863983012735844,
        19.674406852573156,
        19.156336784362793
      ],
      "average_ms": 20.231575549890596,
      "min_ms": 19.156336784362793,
      "max_ms": 21.863983012735844
    }
  }
}