{
  "GenDB": {
    "Q1": {
      "all_ms": [
        55.794799999999995,
        56.340599999999995,
        56.2478
      ],
      "average_ms": 56.12773333333333,
      "min_ms": 55.794799999999995,
      "max_ms": 56.340599999999995
    },
    "Q3": {
      "all_ms": [
        327.73600000000005,
        309.131,
        339.26099999999997
      ],
      "average_ms": 325.376,
      "min_ms": 309.131,
      "max_ms": 339.26099999999997
    },
    "Q6": {
      "all_ms": [
        12.527800000000001,
        12.5852,
        13.4142
      ],
      "average_ms": 12.8424,
      "min_ms": 12.527800000000001,
      "max_ms": 13.4142
    }
  },
  "PostgreSQL": {
    "Q1": {
      "all_ms": [
        16823.71895806864,
        17017.83152902499,
        16138.4833981283
      ],
      "average_ms": 16660.011295073975,
      "min_ms": 16138.4833981283,
      "max_ms": 17017.83152902499
    },
    "Q3": {
      "all_ms": [
        5261.646787170321,
        4737.139818724245,
        4935.2678642608225
      ],
      "average_ms": 4978.018156718463,
      "min_ms": 4737.139818724245,
      "max_ms": 5261.646787170321
    },
    "Q6": {
      "all_ms": [
        2376.141123007983,
        2320.0606582686305,
        2403.6975069902837
      ],
      "average_ms": 2366.633096088966,
      "min_ms": 2320.0606582686305,
      "max_ms": 2403.6975069902837
    }
  },
  "DuckDB": {
    "Q1": {
      "all_ms": [
        148.03381310775876,
        83.15977593883872,
        83.35386496037245
      ],
      "average_ms": 104.84915133565664,
      "min_ms": 83.15977593883872,
      "max_ms": 148.03381310775876
    },
    "Q3": {
      "all_ms": [
        124.01464395225048,
        76.57300308346748,
        83.59984494745731
      ],
      "average_ms": 94.72916399439175,
      "min_ms": 76.57300308346748,
      "max_ms": 124.01464395225048
    },
    "Q6": {
      "all_ms": [
        23.871671874076128,
        19.496886990964413,
        19.516196101903915
      ],
      "average_ms": 20.961584988981485,
      "min_ms": 19.496886990964413,
      "max_ms": 23.871671874076128
    }
  }
}