{
  "GenDB": {
    "Q1": {
      "all_ms": [
        45.839999999999996,
        41.23,
        40.91
      ],
      "average_ms": 42.66,
      "min_ms": 40.91,
      "max_ms": 45.839999999999996
    },
    "Q18": {
      "all_ms": [
        122.43,
        124.53,
        115.75
      ],
      "average_ms": 120.90333333333335,
      "min_ms": 115.75,
      "max_ms": 124.53
    },
    "Q6": {
      "all_ms": [
        79.35000000000001,
        81.24000000000001,
        81.08
      ],
      "average_ms": 80.55666666666667,
      "min_ms": 79.35000000000001,
      "max_ms": 81.24000000000001
    },
    "Q9": {
      "all_ms": [
        72.25999999999999,
        84.26,
        69.53
      ],
      "average_ms": 75.35000000000001,
      "min_ms": 69.53,
      "max_ms": 84.26
    }
  },
  "PostgreSQL": {
    "Q1": {
      "all_ms": [
        6188.214187975973,
        6146.547379903495,
        6154.871976934373
      ],
      "average_ms": 6163.211181604614,
      "min_ms": 6146.547379903495,
      "max_ms": 6188.214187975973
    },
    "Q18": {
      "all_ms": [
        31893.192376941442,
        30647.857803851366,
        34198.742718901485
      ],
      "average_ms": 32246.59763323143,
      "min_ms": 30647.857803851366,
      "max_ms": 34198.742718901485
    },
    "Q3": {
      "all_ms": [
        2066.9755898416042,
        2087.2761430218816,
        2085.173381958157
      ],
      "average_ms": 2079.808371607214,
      "min_ms": 2066.9755898416042,
      "max_ms": 2087.2761430218816
    },
    "Q6": {
      "all_ms": [
        1125.6644129753113,
        1122.4388391710818,
        1114.9968998506665
      ],
      "average_ms": 1121.0333839990199,
      "min_ms": 1114.9968998506665,
      "max_ms": 1125.6644129753113
    },
    "Q9": {
      "all_ms": [
        9189.825112000108,
        9049.58773078397,
        9100.800468120724
      ],
      "average_ms": 9113.404436968267,
      "min_ms": 9049.58773078397,
      "max_ms": 9189.825112000108
    }
  },
  "DuckDB": {
    "Q1": {
      "all_ms": [
        164.14777794852853,
        84.15335323661566,
        83.65952922031283
      ],
      "average_ms": 110.65355346848567,
      "min_ms": 83.65952922031283,
      "max_ms": 164.14777794852853
    },
    "Q18": {
      "all_ms": [
        284.7967157140374,
        191.3180877454579,
        180.6524726562202
      ],
      "average_ms": 218.92242537190518,
      "min_ms": 180.6524726562202,
      "max_ms": 284.7967157140374
    },
    "Q3": {
      "all_ms": [
        78.29667907208204,
        88.6847572401166,
        92.28671109303832
      ],
      "average_ms": 86.42271580174565,
      "min_ms": 78.29667907208204,
      "max_ms": 92.28671109303832
    },
    "Q6": {
      "all_ms": [
        23.84841302409768,
        19.311154261231422,
        19.260124769061804
      ],
      "average_ms": 20.806564018130302,
      "min_ms": 19.260124769061804,
      "max_ms": 23.84841302409768
    },
    "Q9": {
      "all_ms": [
        273.15820986405015,
        233.8563441298902,
        234.81225967407227
      ],
      "average_ms": 247.2756045560042,
      "min_ms": 233.8563441298902,
      "max_ms": 273.15820986405015
    }
  },
  "ClickHouse": {
    "Q1": {
      "all_ms": [
        366.5703129954636,
        249.26879117265344,
        249.40177472308278
      ],
      "average_ms": 288.4136262970666,
      "min_ms": 249.26879117265344,
      "max_ms": 366.5703129954636
    },
    "Q18": {
      "all_ms": [
        327.01241923496127,
        311.89131597056985,
        287.3934293165803
      ],
      "average_ms": 308.7657215073705,
      "min_ms": 287.3934293165803,
      "max_ms": 327.01241923496127
    },
    "Q3": {
      "all_ms": [
        418.7385980039835,
        452.4467810988426,
        456.1431538313627
      ],
      "average_ms": 442.4428443113963,
      "min_ms": 418.7385980039835,
      "max_ms": 456.1431538313627
    },
    "Q6": {
      "all_ms": [
        116.3534177467227,
        71.66330283507705,
        77.63693202286959
      ],
      "average_ms": 88.55121753488977,
      "min_ms": 71.66330283507705,
      "max_ms": 116.3534177467227
    },
    "Q9": {
      "all_ms": [
        1291.72077588737,
        1234.6480372361839,
        1230.5141179822385
      ],
      "average_ms": 1252.2943103685975,
      "min_ms": 1230.5141179822385,
      "max_ms": 1291.72077588737
    }
  },
  "Umbra": {
    "Q1": {
      "all_ms": [
        858.3820941857994,
        80.13674197718501,
        80.41676692664623
      ],
      "average_ms": 339.6452010298769,
      "min_ms": 80.13674197718501,
      "max_ms": 858.3820941857994
    },
    "Q18": {
      "all_ms": [
        1925.0908303074539,
        219.74265109747648,
        195.9362612105906
      ],
      "average_ms": 780.2565808718404,
      "min_ms": 195.9362612105906,
      "max_ms": 1925.0908303074539
    },
    "Q3": {
      "all_ms": [
        128.49711813032627,
        128.35202272981405,
        46.39560403302312
      ],
      "average_ms": 101.08158163105448,
      "min_ms": 46.39560403302312,
      "max_ms": 128.49711813032627
    },
    "Q6": {
      "all_ms": [
        19.233284052461386,
        19.98407719656825,
        5.763056222349405
      ],
      "average_ms": 14.99347249045968,
      "min_ms": 5.763056222349405,
      "max_ms": 19.98407719656825
    },
    "Q9": {
      "all_ms": [
        1472.64006966725,
        271.72731002792716,
        227.4423986673355
      ],
      "average_ms": 657.2699261208376,
      "min_ms": 227.4423986673355,
      "max_ms": 1472.64006966725
    }
  },
  "MonetDB": {
    "Q1": {
      "all_ms": [
        699.5230410248041,
        470.40278604254127,
        498.1551133096218
      ],
      "average_ms": 556.0269801256558,
      "min_ms": 470.40278604254127,
      "max_ms": 699.5230410248041
    },
    "Q18": {
      "all_ms": [
        591.5470561012626,
        603.6735218949616,
        607.5961389578879
      ],
      "average_ms": 600.9389056513706,
      "min_ms": 591.5470561012626,
      "max_ms": 607.5961389578879
    },
    "Q3": {
      "all_ms": [
        234.22478791326284,
        253.13526019454002,
        227.01752930879593
      ],
      "average_ms": 238.12585913886628,
      "min_ms": 227.01752930879593,
      "max_ms": 253.13526019454002
    },
    "Q6": {
      "all_ms": [
        111.20608495548368,
        98.92836585640907,
        99.28467869758606
      ],
      "average_ms": 103.13970983649294,
      "min_ms": 98.92836585640907,
      "max_ms": 111.20608495548368
    },
    "Q9": {
      "all_ms": [
        370.7907618954778,
        340.086136944592,
        321.2157739326358
      ],
      "average_ms": 344.03089092423517,
      "min_ms": 321.2157739326358,
      "max_ms": 370.7907618954778
    }
  }
}