{
  "GenDB": {
    "Q1": {
      "all_ms": [
        61.31,
        71.72,
        57.75
      ],
      "average_ms": 63.593333333333334,
      "min_ms": 57.75,
      "max_ms": 71.72
    },
    "Q3": {
      "all_ms": [
        317.8,
        323.47,
        324.01
      ],
      "average_ms": 321.76,
      "min_ms": 317.8,
      "max_ms": 324.01
    },
    "Q6": {
      "all_ms": [
        32.58,
        32.61,
        32.49
      ],
      "average_ms": 32.56,
      "min_ms": 32.49,
      "max_ms": 32.61
    }
  },
  "PostgreSQL": {
    "Q1": {
      "all_ms": [
        16434.1547540389,
        15372.912752907723,
        15161.070328205824
      ],
      "average_ms": 15656.045945050815,
      "min_ms": 15161.070328205824,
      "max_ms": 16434.1547540389
    },
    "Q3": {
      "all_ms": [
        5671.610279008746,
        5713.757085148245,
        5536.10474569723
      ],
      "average_ms": 5640.49070328474,
      "min_ms": 5536.10474569723,
      "max_ms": 5713.757085148245
    },
    "Q6": {
      "all_ms": [
        2316.2555741146207,
        2370.5543340183794,
        2383.392699994147
      ],
      "average_ms": 2356.734202709049,
      "min_ms": 2316.2555741146207,
      "max_ms": 2383.392699994147
    }
  },
  "DuckDB": {
    "Q1": {
      "all_ms": [
        174.13024930283427,
        84.35687283053994,
        84.55900941044092
      ],
      "average_ms": 114.34871051460505,
      "min_ms": 84.35687283053994,
      "max_ms": 174.13024930283427
    },
    "Q3": {
      "all_ms": [
        118.22111299261451,
        88.28394301235676,
        86.30489883944392
      ],
      "average_ms": 97.60331828147173,
      "min_ms": 86.30489883944392,
      "max_ms": 118.22111299261451
    },
    "Q6": {
      "all_ms": [
        21.260795649141073,
        19.152785185724497,
        19.176853355020285
      ],
      "average_ms": 19.863478063295286,
      "min_ms": 19.152785185724497,
      "max_ms": 21.260795649141073
    }
  }
}