{
  "GenDB": {
    "Q1": {
      "all_ms": [
        378.0,
        380.0,
        377.0
      ],
      "average_ms": 378.3333333333333,
      "min_ms": 377.0,
      "max_ms": 380.0
    },
    "Q3": {
      "all_ms": [
        1275.0,
        1287.0,
        1255.0
      ],
      "average_ms": 1272.3333333333333,
      "min_ms": 1255.0,
      "max_ms": 1287.0
    },
    "Q6": {
      "all_ms": [
        44.0,
        44.0,
        44.0
      ],
      "average_ms": 44.0,
      "min_ms": 44.0,
      "max_ms": 44.0
    }
  },
  "PostgreSQL": {
    "Q1": {
      "all_ms": [
        15584.114741999656,
        15545.24407768622,
        15472.619703039527
      ],
      "average_ms": 15533.992840908468,
      "min_ms": 15472.619703039527,
      "max_ms": 15584.114741999656
    },
    "Q3": {
      "all_ms": [
        5425.803254824132,
        5415.826903656125,
        5397.034533787519
      ],
      "average_ms": 5412.888230755925,
      "min_ms": 5397.034533787519,
      "max_ms": 5425.803254824132
    },
    "Q6": {
      "all_ms": [
        2434.7997391596437,
        2416.62232298404,
        2444.1968481987715
      ],
      "average_ms": 2431.8729701141515,
      "min_ms": 2416.62232298404,
      "max_ms": 2444.1968481987715
    }
  },
  "DuckDB": {
    "Q1": {
      "all_ms": [
        159.91336712613702,
        83.7492230348289,
        90.32303979620337
      ],
      "average_ms": 111.32854331905644,
      "min_ms": 83.7492230348289,
      "max_ms": 159.91336712613702
    },
    "Q3": {
      "all_ms": [
        124.5561121031642,
        89.71180487424135,
        81.46885503083467
      ],
      "average_ms": 98.57892400274675,
      "min_ms": 81.46885503083467,
      "max_ms": 124.5561121031642
    },
    "Q6": {
      "all_ms": [
        23.110643960535526,
        20.00047778710723,
        19.96847102418542
      ],
      "average_ms": 21.026530923942726,
      "min_ms": 19.96847102418542,
      "max_ms": 23.110643960535526
    }
  }
}