{
  "GenDB": {
    "Q1": {
      "all_ms": [
        38.36,
        37.96,
        38.080000000000005
      ],
      "average_ms": 38.13333333333333,
      "min_ms": 37.96,
      "max_ms": 38.36
    },
    "Q18": {
      "all_ms": [
        135.2,
        134.54,
        130.55
      ],
      "average_ms": 133.42999999999998,
      "min_ms": 130.55,
      "max_ms": 135.2
    },
    "Q3": {
      "all_ms": [
        77.54,
        76.30999999999999,
        76.38
      ],
      "average_ms": 76.74333333333333,
      "min_ms": 76.30999999999999,
      "max_ms": 77.54
    },
    "Q6": {
      "all_ms": [
        18.349999999999998,
        15.74,
        15.63
      ],
      "average_ms": 16.573333333333334,
      "min_ms": 15.63,
      "max_ms": 18.349999999999998
    },
    "Q9": {
      "all_ms": [
        62.44,
        64.8,
        57.76
      ],
      "average_ms": 61.666666666666664,
      "min_ms": 57.76,
      "max_ms": 64.8
    }
  },
  "PostgreSQL": {
    "Q1": {
      "all_ms": [
        6803.595549892634,
        6452.609008178115,
        6311.4914069883525
      ],
      "average_ms": 6522.5653216863675,
      "min_ms": 6311.4914069883525,
      "max_ms": 6803.595549892634
    },
    "Q18": {
      "all_ms": [
        31001.879833638668,
        35644.24735493958,
        31334.5330148004
      ],
      "average_ms": 32660.22006779288,
      "min_ms": 31001.879833638668,
      "max_ms": 35644.24735493958
    },
    "Q3": {
      "all_ms": [
        2152.459144126624,
        2015.5568332411349,
        2030.1809087395668
      ],
      "average_ms": 2066.0656287024417,
      "min_ms": 2015.5568332411349,
      "max_ms": 2152.459144126624
    },
    "Q6": {
      "all_ms": [
        1136.9177396409214,
        1119.1779929213226,
        1127.22954666242
      ],
      "average_ms": 1127.775093074888,
      "min_ms": 1119.1779929213226,
      "max_ms": 1136.9177396409214
    },
    "Q9": {
      "all_ms": [
        42868.45202092081,
        43555.58722605929,
        42694.39134700224
      ],
      "average_ms": 43039.47686466078,
      "min_ms": 42694.39134700224,
      "max_ms": 43555.58722605929
    }
  },
  "DuckDB": {
    "Q1": {
      "all_ms": [
        91.20416222140193,
        83.1327480264008,
        83.33361009135842
      ],
      "average_ms": 85.89017344638705,
      "min_ms": 83.1327480264008,
      "max_ms": 91.20416222140193
    },
    "Q18": {
      "all_ms": [
        183.8696482591331,
        163.35254069417715,
        190.2317232452333
      ],
      "average_ms": 179.15130406618118,
      "min_ms": 163.35254069417715,
      "max_ms": 190.2317232452333
    },
    "Q3": {
      "all_ms": [
        84.86461080610752,
        82.11939595639706,
        84.10751400515437
      ],
      "average_ms": 83.69717358921964,
      "min_ms": 82.11939595639706,
      "max_ms": 84.86461080610752
    },
    "Q6": {
      "all_ms": [
        20.19259799271822,
        19.523288123309612,
        18.964386079460382
      ],
      "average_ms": 19.560090731829405,
      "min_ms": 18.964386079460382,
      "max_ms": 20.19259799271822
    },
    "Q9": {
      "all_ms": [
        233.1614699214697,
        267.00403494760394,
        244.20795729383826
      ],
      "average_ms": 248.1244873876373,
      "min_ms": 233.1614699214697,
      "max_ms": 267.00403494760394
    }
  },
  "ClickHouse": {
    "Q1": {
      "all_ms": [
        254.4865719974041,
        244.5164560340345,
        282.8424349427223
      ],
      "average_ms": 260.6151543247203,
      "min_ms": 244.5164560340345,
      "max_ms": 282.8424349427223
    },
    "Q18": {
      "all_ms": [
        327.59682601317763,
        282.35901426523924,
        252.58655985817313
      ],
      "average_ms": 287.51413337886333,
      "min_ms": 252.58655985817313,
      "max_ms": 327.59682601317763
    },
    "Q3": {
      "all_ms": [
        395.808860193938,
        403.02993496879935,
        425.31083803623915
      ],
      "average_ms": 408.0498777329922,
      "min_ms": 395.808860193938,
      "max_ms": 425.31083803623915
    },
    "Q6": {
      "all_ms": [
        72.97354517504573,
        71.70949270948768,
        72.66774214804173
      ],
      "average_ms": 72.45026001085837,
      "min_ms": 71.70949270948768,
      "max_ms": 72.97354517504573
    },
    "Q9": {
      "all_ms": [
        1336.6866991855204,
        1207.1389523334801,
        1283.4402667358518
      ],
      "average_ms": 1275.7553060849507,
      "min_ms": 1207.1389523334801,
      "max_ms": 1336.6866991855204
    }
  },
  "Umbra": {
    "Q1": {
      "all_ms": [
        99.05179310590029,
        83.66697281599045,
        83.8187811896205
      ],
      "average_ms": 88.84584903717041,
      "min_ms": 83.66697281599045,
      "max_ms": 99.05179310590029
    },
    "Q18": {
      "all_ms": [
        192.23706610500813,
        174.38903218135238,
        194.84413508325815
      ],
      "average_ms": 187.15674445653954,
      "min_ms": 174.38903218135238,
      "max_ms": 194.84413508325815
    },
    "Q3": {
      "all_ms": [
        84.06885014846921,
        75.74115414172411,
        68.22853581979871
      ],
      "average_ms": 76.01284670333068,
      "min_ms": 68.22853581979871,
      "max_ms": 84.06885014846921
    },
    "Q6": {
      "all_ms": [
        35.770885180681944,
        23.95007899031043,
        23.960473015904427
      ],
      "average_ms": 27.893812395632267,
      "min_ms": 23.95007899031043,
      "max_ms": 35.770885180681944
    },
    "Q9": {
      "all_ms": [
        208.59088515862823,
        192.0831948518753,
        251.27662299200892
      ],
      "average_ms": 217.31690100083748,
      "min_ms": 192.0831948518753,
      "max_ms": 251.27662299200892
    }
  },
  "MonetDB": {
    "Q1": {
      "all_ms": [
        561.528054997325,
        538.6538598686457,
        511.4899813197553
      ],
      "average_ms": 537.223965395242,
      "min_ms": 511.4899813197553,
      "max_ms": 561.528054997325
    },
    "Q18": {
      "all_ms": [
        540.3950768522918,
        525.7388576865196,
        501.26628391444683
      ],
      "average_ms": 522.4667394844195,
      "min_ms": 501.26628391444683,
      "max_ms": 540.3950768522918
    },
    "Q3": {
      "all_ms": [
        191.00192980840802,
        206.7052130587399,
        189.58587804809213
      ],
      "average_ms": 195.76434030508003,
      "min_ms": 189.58587804809213,
      "max_ms": 206.7052130587399
    },
    "Q6": {
      "all_ms": [
        37.41067973896861,
        37.64712018892169,
        42.05089807510376
      ],
      "average_ms": 39.036232667664684,
      "min_ms": 37.41067973896861,
      "max_ms": 42.05089807510376
    },
    "Q9": {
      "all_ms": [
        241.3253807462752,
        180.70336198434234,
        185.61086989939213
      ],
      "average_ms": 202.54653754333654,
      "min_ms": 180.70336198434234,
      "max_ms": 241.3253807462752
    }
  }
}