{
  "GenDB": {
    "Q1": {
      "all_ms": [
        80.0,
        80.0,
        80.0
      ],
      "average_ms": 80.0,
      "min_ms": 80.0,
      "max_ms": 80.0
    },
    "Q3": {
      "all_ms": [
        300.0,
        300.0,
        300.0
      ],
      "average_ms": 300.0,
      "min_ms": 300.0,
      "max_ms": 300.0
    },
    "Q6": {
      "all_ms": [
        20.0,
        20.0,
        20.0
      ],
      "average_ms": 20.0,
      "min_ms": 20.0,
      "max_ms": 20.0
    }
  },
  "PostgreSQL": {
    "Q1": {
      "all_ms": [
        15767.976955045015,
        15705.966573674232,
        15237.54717875272
      ],
      "average_ms": 15570.496902490655,
      "min_ms": 15237.54717875272,
      "max_ms": 15767.976955045015
    },
    "Q3": {
      "all_ms": [
        5596.900444943458,
        5522.0155930146575,
        5528.291170019656
      ],
      "average_ms": 5549.069069325924,
      "min_ms": 5522.0155930146575,
      "max_ms": 5596.900444943458
    },
    "Q6": {
      "all_ms": [
        2377.7204789221287,
        2375.5131349898875,
        2357.5558098964393
      ],
      "average_ms": 2370.263141269485,
      "min_ms": 2357.5558098964393,
      "max_ms": 2377.7204789221287
    }
  },
  "DuckDB": {
    "Q1": {
      "all_ms": [
        151.10459877178073,
        84.4385651871562,
        84.34333885088563
      ],
      "average_ms": 106.62883426994085,
      "min_ms": 84.34333885088563,
      "max_ms": 151.10459877178073
    },
    "Q3": {
      "all_ms": [
        114.24209224060178,
        81.96133701130748,
        80.09266387671232
      ],
      "average_ms": 92.09869770954053,
      "min_ms": 80.09266387671232,
      "max_ms": 114.24209224060178
    },
    "Q6": {
      "all_ms": [
        21.304444409906864,
        19.174741581082344,
        19.52146366238594
      ],
      "average_ms": 20.00021655112505,
      "min_ms": 19.174741581082344,
      "max_ms": 21.304444409906864
    }
  }
}