{
  "PostgreSQL": {
    "Q1": {
      "all_ms": [
        15779.191852081567,
        15023.773237597197,
        15041.051231324673
      ],
      "average_ms": 15281.338773667812,
      "min_ms": 15023.773237597197,
      "max_ms": 15779.191852081567
    },
    "Q3": {
      "all_ms": [
        5504.366707988083,
        5467.8929299116135,
        5479.099155869335
      ],
      "average_ms": 5483.786264589678,
      "min_ms": 5467.8929299116135,
      "max_ms": 5504.366707988083
    },
    "Q6": {
      "all_ms": [
        2377.3224861361086,
        2372.196990996599,
        2383.8693043217063
      ],
      "average_ms": 2377.796260484805,
      "min_ms": 2372.196990996599,
      "max_ms": 2383.8693043217063
    }
  },
  "DuckDB": {
    "Q1": {
      "all_ms": [
        152.63685304671526,
        87.39765966311097,
        86.44067728891969
      ],
      "average_ms": 108.8250633329153,
      "min_ms": 86.44067728891969,
      "max_ms": 152.63685304671526
    },
    "Q3": {
      "all_ms": [
        112.78347996994853,
        84.6003913320601,
        77.82366499304771
      ],
      "average_ms": 91.73584543168545,
      "min_ms": 77.82366499304771,
      "max_ms": 112.78347996994853
    },
    "Q6": {
      "all_ms": [
        21.39868913218379,
        19.318342674523592,
        19.280346110463142
      ],
      "average_ms": 19.999125972390175,
      "min_ms": 19.280346110463142,
      "max_ms": 21.39868913218379
    }
  }
}