{
  "GenDB": {
    "Q1": {
      "all_ms": [
        103.47,
        102.00999999999999,
        110.21
      ],
      "average_ms": 105.23,
      "min_ms": 102.00999999999999,
      "max_ms": 110.21
    },
    "Q18": {
      "all_ms": [
        348.82,
        343.54,
        359.41
      ],
      "average_ms": 350.59,
      "min_ms": 343.54,
      "max_ms": 359.41
    },
    "Q3": {
      "all_ms": [
        1201.98,
        1169.07,
        1167.55
      ],
      "average_ms": 1179.5333333333333,
      "min_ms": 1167.55,
      "max_ms": 1201.98
    },
    "Q6": {
      "all_ms": [
        16.74,
        12.92,
        12.770000000000001
      ],
      "average_ms": 14.143333333333333,
      "min_ms": 12.770000000000001,
      "max_ms": 16.74
    },
    "Q9": {
      "all_ms": [
        241.56,
        243.04,
        241.98000000000002
      ],
      "average_ms": 242.19333333333336,
      "min_ms": 241.56,
      "max_ms": 243.04
    }
  },
  "PostgreSQL": {
    "Q1": {
      "all_ms": [
        6183.119502384216,
        6127.434551715851,
        6087.884065229446
      ],
      "average_ms": 6132.812706443171,
      "min_ms": 6087.884065229446,
      "max_ms": 6183.119502384216
    },
    "Q18": {
      "all_ms": [
        38740.421240683645,
        32407.690282911062,
        30837.002710904926
      ],
      "average_ms": 33995.038078166544,
      "min_ms": 30837.002710904926,
      "max_ms": 38740.421240683645
    },
    "Q3": {
      "all_ms": [
        1978.4147418104112,
        1900.757207069546,
        1944.5579168386757
      ],
      "average_ms": 1941.2432885728776,
      "min_ms": 1900.757207069546,
      "max_ms": 1978.4147418104112
    },
    "Q6": {
      "all_ms": [
        1038.6659931391478,
        1063.7317430227995,
        1067.5456640310585
      ],
      "average_ms": 1056.6478000643353,
      "min_ms": 1038.6659931391478,
      "max_ms": 1067.5456640310585
    },
    "Q9": {
      "all_ms": [
        8833.160183858126,
        8842.904555611312,
        8904.872804414481
      ],
      "average_ms": 8860.312514627973,
      "min_ms": 8833.160183858126,
      "max_ms": 8904.872804414481
    }
  },
  "DuckDB": {
    "Q1": {
      "all_ms": [
        172.87703370675445,
        82.5127400457859,
        83.32924172282219
      ],
      "average_ms": 112.90633849178751,
      "min_ms": 82.5127400457859,
      "max_ms": 172.87703370675445
    },
    "Q18": {
      "all_ms": [
        292.92453778907657,
        178.59037639573216,
        173.6446861177683
      ],
      "average_ms": 215.05320010085902,
      "min_ms": 173.6446861177683,
      "max_ms": 292.92453778907657
    },
    "Q3": {
      "all_ms": [
        78.57885723933578,
        91.6886911727488,
        83.90140905976295
      ],
      "average_ms": 84.72298582394917,
      "min_ms": 78.57885723933578,
      "max_ms": 91.6886911727488
    },
    "Q6": {
      "all_ms": [
        23.840514943003654,
        21.02611307054758,
        20.88916441425681
      ],
      "average_ms": 21.918597475936014,
      "min_ms": 20.88916441425681,
      "max_ms": 23.840514943003654
    },
    "Q9": {
      "all_ms": [
        290.5241660773754,
        232.41360019892454,
        241.86036689206958
      ],
      "average_ms": 254.93271105612317,
      "min_ms": 232.41360019892454,
      "max_ms": 290.5241660773754
    }
  },
  "ClickHouse": {
    "Q1": {
      "all_ms": [
        344.62905302643776,
        244.82656037434936,
        256.9247717037797
      ],
      "average_ms": 282.1267950348556,
      "min_ms": 244.82656037434936,
      "max_ms": 344.62905302643776
    },
    "Q18": {
      "all_ms": [
        338.2459729909897,
        330.72451408952475,
        272.5640260614455
      ],
      "average_ms": 313.84483771398664,
      "min_ms": 272.5640260614455,
      "max_ms": 338.2459729909897
    },
    "Q3": {
      "all_ms": [
        431.90129240974784,
        463.8298568315804,
        455.40501177310944
      ],
      "average_ms": 450.3787203381459,
      "min_ms": 431.90129240974784,
      "max_ms": 463.8298568315804
    },
    "Q6": {
      "all_ms": [
        99.2301357910037,
        74.26968216896057,
        80.13279596343637
      ],
      "average_ms": 84.54420464113355,
      "min_ms": 74.26968216896057,
      "max_ms": 99.2301357910037
    },
    "Q9": {
      "all_ms": [
        1322.741961106658,
        1255.9665231965482,
        1237.374836113304
      ],
      "average_ms": 1272.02777347217,
      "min_ms": 1237.374836113304,
      "max_ms": 1322.741961106658
    }
  },
  "Umbra": {
    "Q1": {
      "all_ms": [
        2005.871073808521,
        89.04478000476956,
        85.49205400049686
      ],
      "average_ms": 726.8026359379292,
      "min_ms": 85.49205400049686,
      "max_ms": 2005.871073808521
    },
    "Q18": {
      "all_ms": [
        2165.568128693849,
        234.08502200618386,
        225.949726998806
      ],
      "average_ms": 875.2009592329463,
      "min_ms": 225.949726998806,
      "max_ms": 2165.568128693849
    },
    "Q3": {
      "all_ms": [
        126.63733074441552,
        87.76751207187772,
        80.21359704434872
      ],
      "average_ms": 98.20614662021399,
      "min_ms": 80.21359704434872,
      "max_ms": 126.63733074441552
    },
    "Q6": {
      "all_ms": [
        29.734645038843155,
        5.736218765377998,
        26.272519025951624
      ],
      "average_ms": 20.581127610057592,
      "min_ms": 5.736218765377998,
      "max_ms": 29.734645038843155
    },
    "Q9": {
      "all_ms": [
        2198.2230530120432,
        239.8225381039083,
        200.25945967063308
      ],
      "average_ms": 879.4350169288615,
      "min_ms": 200.25945967063308,
      "max_ms": 2198.2230530120432
    }
  },
  "MonetDB": {
    "Q1": {
      "all_ms": [
        694.0438509918749,
        465.5438121408224,
        437.54775496199727
      ],
      "average_ms": 532.3784726982316,
      "min_ms": 437.54775496199727,
      "max_ms": 694.0438509918749
    },
    "Q18": {
      "all_ms": [
        607.3865499347448,
        590.6185652129352,
        624.4545350782573
      ],
      "average_ms": 607.4865500753125,
      "min_ms": 590.6185652129352,
      "max_ms": 624.4545350782573
    },
    "Q3": {
      "all_ms": [
        240.1319439522922,
        220.1931420713663,
        233.73741889372468
      ],
      "average_ms": 231.3541683057944,
      "min_ms": 220.1931420713663,
      "max_ms": 240.1319439522922
    },
    "Q6": {
      "all_ms": [
        94.04248092323542,
        106.10556788742542,
        97.1719459630549
      ],
      "average_ms": 99.10666492457192,
      "min_ms": 94.04248092323542,
      "max_ms": 106.10556788742542
    },
    "Q9": {
      "all_ms": [
        358.41743974015117,
        340.95956617966294,
        350.09224293753505
      ],
      "average_ms": 349.82308295244974,
      "min_ms": 340.95956617966294,
      "max_ms": 358.41743974015117
    }
  }
}