{
  "GenDB": {
    "Q1": {
      "all_ms": [
        47.25,
        48.56,
        47.42
      ],
      "average_ms": 47.74333333333334,
      "min_ms": 47.25,
      "max_ms": 48.56
    },
    "Q3": {
      "all_ms": [
        286.37,
        287.21000000000004,
        279.28
      ],
      "average_ms": 284.2866666666667,
      "min_ms": 279.28,
      "max_ms": 287.21000000000004
    },
    "Q6": {
      "all_ms": [
        10.850000000000001,
        5.83,
        5.859999999999999
      ],
      "average_ms": 7.513333333333333,
      "min_ms": 5.83,
      "max_ms": 10.850000000000001
    }
  },
  "PostgreSQL": {
    "Q1": {
      "all_ms": [
        15748.06677782908,
        15578.534016851336,
        15608.273122925311
      ],
      "average_ms": 15644.957972535243,
      "min_ms": 15578.534016851336,
      "max_ms": 15748.06677782908
    },
    "Q3": {
      "all_ms": [
        5451.047042384744,
        5447.348250076175,
        5442.162142135203
      ],
      "average_ms": 5446.852478198707,
      "min_ms": 5442.162142135203,
      "max_ms": 5451.047042384744
    },
    "Q6": {
      "all_ms": [
        2447.1446122042835,
        2439.145722426474,
        2448.8131003454328
      ],
      "average_ms": 2445.034478325397,
      "min_ms": 2439.145722426474,
      "max_ms": 2448.8131003454328
    }
  },
  "DuckDB": {
    "Q1": {
      "all_ms": [
        170.34659394994378,
        83.26515508815646,
        84.48223024606705
      ],
      "average_ms": 112.69799309472243,
      "min_ms": 83.26515508815646,
      "max_ms": 170.34659394994378
    },
    "Q3": {
      "all_ms": [
        124.83805883675814,
        93.65621069446206,
        84.22692306339741
      ],
      "average_ms": 100.90706419820587,
      "min_ms": 84.22692306339741,
      "max_ms": 124.83805883675814
    },
    "Q6": {
      "all_ms": [
        22.061952389776707,
        19.220510963350534,
        21.0909778252244
      ],
      "average_ms": 20.791147059450548,
      "min_ms": 19.220510963350534,
      "max_ms": 22.061952389776707
    }
  }
}