{
  "GenDB": {
    "Q10": {
      "all_ms": [
        956.61,
        969.27,
        966.74
      ],
      "average_ms": 964.2066666666666,
      "min_ms": 956.61,
      "max_ms": 969.27
    },
    "Q13": {
      "all_ms": [
        231.39000000000001,
        227.29999999999998,
        231.6
      ],
      "average_ms": 230.09666666666666,
      "min_ms": 227.29999999999998,
      "max_ms": 231.6
    },
    "Q16": {
      "all_ms": [
        260.7,
        257.94,
        260.77000000000004
      ],
      "average_ms": 259.80333333333334,
      "min_ms": 257.94,
      "max_ms": 260.77000000000004
    },
    "Q18": {
      "all_ms": [
        342.13,
        342.21,
        338.21
      ],
      "average_ms": 340.84999999999997,
      "min_ms": 338.21,
      "max_ms": 342.21
    },
    "Q20": {
      "all_ms": [
        107.71000000000001,
        101.9,
        104.67
      ],
      "average_ms": 104.76,
      "min_ms": 101.9,
      "max_ms": 107.71000000000001
    },
    "Q21": {
      "all_ms": [
        27930.48,
        27143.86,
        27117.32
      ],
      "average_ms": 27397.22,
      "min_ms": 27117.32,
      "max_ms": 27930.48
    },
    "Q22": {
      "all_ms": [
        46.650000000000006,
        45.18,
        42.78
      ],
      "average_ms": 44.870000000000005,
      "min_ms": 42.78,
      "max_ms": 46.650000000000006
    },
    "Q3": {
      "all_ms": [
        148.26,
        142.11999999999998,
        150.49
      ],
      "average_ms": 146.95666666666668,
      "min_ms": 142.11999999999998,
      "max_ms": 150.49
    },
    "Q6": {
      "all_ms": [
        8.379999999999999,
        6.43,
        6.45
      ],
      "average_ms": 7.086666666666666,
      "min_ms": 6.43,
      "max_ms": 8.379999999999999
    },
    "Q7": {
      "all_ms": [
        206.24,
        212.51000000000002,
        214.76999999999998
      ],
      "average_ms": 211.17333333333332,
      "min_ms": 206.24,
      "max_ms": 214.76999999999998
    },
    "Q9": {
      "all_ms": [
        713.6,
        721.58,
        724.05
      ],
      "average_ms": 719.7433333333333,
      "min_ms": 713.6,
      "max_ms": 724.05
    }
  },
  "PostgreSQL": {
    "Q10": {
      "all_ms": [
        2588.744895067066,
        2336.4523858763278,
        2328.4370661713183
      ],
      "average_ms": 2417.878115704904,
      "min_ms": 2328.4370661713183,
      "max_ms": 2588.744895067066
    },
    "Q12": {
      "all_ms": [
        1655.268494039774,
        1596.9259259290993,
        1613.9739281497896
      ],
      "average_ms": 1622.0561160395544,
      "min_ms": 1596.9259259290993,
      "max_ms": 1655.268494039774
    },
    "Q13": {
      "all_ms": [
        13670.457975938916,
        14760.940097272396,
        14713.924054987729
      ],
      "average_ms": 14381.774042733014,
      "min_ms": 13670.457975938916,
      "max_ms": 14760.940097272396
    },
    "Q16": {
      "all_ms": [
        1142.4692277796566,
        1119.4682270288467,
        1123.5636253841221
      ],
      "average_ms": 1128.5003600642085,
      "min_ms": 1119.4682270288467,
      "max_ms": 1142.4692277796566
    },
    "Q18": {
      "all_ms": [
        39263.18869087845,
        31966.756389010698,
        33511.875436175615
      ],
      "average_ms": 34913.94017202159,
      "min_ms": 31966.756389010698,
      "max_ms": 39263.18869087845
    },
    "Q21": {
      "all_ms": [
        2578.4956361167133,
        2427.681771107018,
        2451.5576008707285
      ],
      "average_ms": 2485.9116693648198,
      "min_ms": 2427.681771107018,
      "max_ms": 2578.4956361167133
    },
    "Q22": {
      "all_ms": [
        783.7933539412916,
        782.1189220994711,
        783.307088073343
      ],
      "average_ms": 783.0731213713685,
      "min_ms": 782.1189220994711,
      "max_ms": 783.7933539412916
    },
    "Q3": {
      "all_ms": [
        1982.150288298726,
        1891.8149322271347,
        1891.512623988092
      ],
      "average_ms": 1921.8259481713176,
      "min_ms": 1891.512623988092,
      "max_ms": 1982.150288298726
    },
    "Q5": {
      "all_ms": [
        1638.5589647106826,
        1638.2724242284894,
        1635.9652909450233
      ],
      "average_ms": 1637.5988932947319,
      "min_ms": 1635.9652909450233,
      "max_ms": 1638.5589647106826
    },
    "Q6": {
      "all_ms": [
        1123.4351731836796,
        1143.2944750413299,
        1133.7176179513335
      ],
      "average_ms": 1133.482422058781,
      "min_ms": 1123.4351731836796,
      "max_ms": 1143.2944750413299
    },
    "Q7": {
      "all_ms": [
        1625.885899644345,
        1641.69815601781,
        1623.773125000298
      ],
      "average_ms": 1630.452393554151,
      "min_ms": 1623.773125000298,
      "max_ms": 1641.69815601781
    },
    "Q9": {
      "all_ms": [
        9161.807046737522,
        9119.697537273169,
        9204.699150752276
      ],
      "average_ms": 9162.067911587656,
      "min_ms": 9119.697537273169,
      "max_ms": 9204.699150752276
    }
  },
  "DuckDB": {
    "Q10": {
      "all_ms": [
        362.6891579478979,
        210.18794737756252,
        210.5319439433515
      ],
      "average_ms": 261.13634975627065,
      "min_ms": 210.18794737756252,
      "max_ms": 362.6891579478979
    },
    "Q12": {
      "all_ms": [
        87.04581297934055,
        71.51198806241155,
        80.54538583382964
      ],
      "average_ms": 79.70106229186058,
      "min_ms": 71.51198806241155,
      "max_ms": 87.04581297934055
    },
    "Q13": {
      "all_ms": [
        260.6832911260426,
        186.83876190334558,
        189.54153591766953
      ],
      "average_ms": 212.35452964901924,
      "min_ms": 186.83876190334558,
      "max_ms": 260.6832911260426
    },
    "Q16": {
      "all_ms": [
        108.00186498090625,
        123.97969607263803,
        113.4752701036632
      ],
      "average_ms": 115.1522770524025,
      "min_ms": 108.00186498090625,
      "max_ms": 123.97969607263803
    },
    "Q18": {
      "all_ms": [
        206.1200300231576,
        178.9327929727733,
        177.02909093350172
      ],
      "average_ms": 187.36063797647753,
      "min_ms": 177.02909093350172,
      "max_ms": 206.1200300231576
    },
    "Q20": {
      "all_ms": [
        110.94210995361209,
        96.15660225972533,
        97.78681444004178
      ],
      "average_ms": 101.62850888445973,
      "min_ms": 96.15660225972533,
      "max_ms": 110.94210995361209
    },
    "Q21": {
      "all_ms": [
        352.88230469450355,
        334.3511619605124,
        316.47263607010245
      ],
      "average_ms": 334.5687009083728,
      "min_ms": 316.47263607010245,
      "max_ms": 352.88230469450355
    },
    "Q22": {
      "all_ms": [
        96.8409851193428,
        93.13789894804358,
        94.34262895956635
      ],
      "average_ms": 94.77383767565091,
      "min_ms": 93.13789894804358,
      "max_ms": 96.8409851193428
    },
    "Q3": {
      "all_ms": [
        101.88873717561364,
        83.43044901266694,
        87.67073601484299
      ],
      "average_ms": 90.99664073437452,
      "min_ms": 83.43044901266694,
      "max_ms": 101.88873717561364
    },
    "Q5": {
      "all_ms": [
        103.64934336394072,
        110.92163901776075,
        100.27805808931589
      ],
      "average_ms": 104.94968015700579,
      "min_ms": 100.27805808931589,
      "max_ms": 110.92163901776075
    },
    "Q6": {
      "all_ms": [
        22.410942241549492,
        20.215178839862347,
        20.480142906308174
      ],
      "average_ms": 21.035421329240005,
      "min_ms": 20.215178839862347,
      "max_ms": 22.410942241549492
    },
    "Q7": {
      "all_ms": [
        77.08117319270968,
        82.66648789867759,
        81.29494870081544
      ],
      "average_ms": 80.3475365974009,
      "min_ms": 77.08117319270968,
      "max_ms": 82.66648789867759
    },