{
  "GenDB": {
    "Q1": {
      "all_ms": [
        48.76,
        49.9,
        47.31
      ],
      "average_ms": 48.656666666666666,
      "min_ms": 47.31,
      "max_ms": 49.9
    },
    "Q18": {
      "all_ms": [
        38.97,
        35.86,
        44.82
      ],
      "average_ms": 39.88333333333333,
      "min_ms": 35.86,
      "max_ms": 44.82
    },
    "Q3": {
      "all_ms": [
        98.96000000000001,
        97.24,
        107.44
      ],
      "average_ms": 101.21333333333332,
      "min_ms": 97.24,
      "max_ms": 107.44
    },
    "Q6": {
      "all_ms": [
        26.62,
        25.27,
        24.4
      ],
      "average_ms": 25.429999999999996,
      "min_ms": 24.4,
      "max_ms": 26.62
    },
    "Q9": {
      "all_ms": [
        129.13,
        122.72,
        127.48
      ],
      "average_ms": 126.44333333333333,
      "min_ms": 122.72,
      "max_ms": 129.13
    }
  },
  "PostgreSQL": {
    "Q1": {
      "all_ms": [
        6457.568617071956,
        6208.273723255843,
        6199.524058960378
      ],
      "average_ms": 6288.455466429393,
      "min_ms": 6199.524058960378,
      "max_ms": 6457.568617071956
    },
    "Q18": {
      "all_ms": [
        36310.25978177786,
        30841.192240361124,
        31664.491813164204
      ],
      "average_ms": 32938.64794510106,
      "min_ms": 30841.192240361124,
      "max_ms": 36310.25978177786
    },
    "Q3": {
      "all_ms": [
        2075.8324838243425,
        2052.8916898183525,
        1993.6638940125704
      ],
      "average_ms": 2040.7960225517552,
      "min_ms": 1993.6638940125704,
      "max_ms": 2075.8324838243425
    },
    "Q6": {
      "all_ms": [
        2519.164143130183,
        2472.7752660401165,
        2474.983252119273
      ],
      "average_ms": 2488.9742204298577,
      "min_ms": 2472.7752660401165,
      "max_ms": 2519.164143130183
    },
    "Q9": {
      "all_ms": [
        7169.473928865045,
        7151.597434189171,
        7121.536842081696
      ],
      "average_ms": 7147.5360683786375,
      "min_ms": 7121.536842081696,
      "max_ms": 7169.473928865045
    }
  },
  "DuckDB": {
    "Q1": {
      "all_ms": [
        83.48755212500691,
        82.9816679470241,
        82.27681601420045
      ],
      "average_ms": 82.91534536207716,
      "min_ms": 82.27681601420045,
      "max_ms": 83.48755212500691
    },
    "Q18": {
      "all_ms": [
        188.99184092879295,
        183.75836871564388,
        179.7306491062045
      ],
      "average_ms": 184.16028625021377,
      "min_ms": 179.7306491062045,
      "max_ms": 188.99184092879295
    },
    "Q3": {
      "all_ms": [
        87.62483391910791,
        82.94941112399101,
        86.58343506976962
      ],
      "average_ms": 85.71922670428951,
      "min_ms": 82.94941112399101,
      "max_ms": 87.62483391910791
    },
    "Q6": {
      "all_ms": [
        19.45463800802827,
        19.432632718235254,
        19.379241857677698
      ],
      "average_ms": 19.42217086131374,
      "min_ms": 19.379241857677698,
      "max_ms": 19.45463800802827
    },
    "Q9": {
      "all_ms": [
        222.49203687533736,
        225.50599416717887,
        220.10875400155783
      ],
      "average_ms": 222.702261681358,
      "min_ms": 220.10875400155783,
      "max_ms": 225.50599416717887
    }
  },
  "ClickHouse": {
    "Q1": {
      "all_ms": [
        249.05977677553892,
        247.06900864839554,
        266.4858070202172
      ],
      "average_ms": 254.20486414805055,
      "min_ms": 247.06900864839554,
      "max_ms": 266.4858070202172
    },
    "Q18": {
      "all_ms": [
        309.85488928854465,
        280.89498076587915,
        297.09755117073655
      ],
      "average_ms": 295.94914040838677,
      "min_ms": 280.89498076587915,
      "max_ms": 309.85488928854465
    },
    "Q3": {
      "all_ms": [
        439.48343908414245,
        475.71480367332697,
        434.8449148237705
      ],
      "average_ms": 450.0143858604133,
      "min_ms": 434.8449148237705,
      "max_ms": 475.71480367332697
    },
    "Q6": {
      "all_ms": [
        75.27625188231468,
        73.23207333683968,
        73.54103494435549
      ],
      "average_ms": 74.01645338783662,
      "min_ms": 73.23207333683968,
      "max_ms": 75.27625188231468
    },
    "Q9": {
      "all_ms": [
        1249.9499539844692,
        1229.7510639764369,
        1214.6054320037365
      ],
      "average_ms": 1231.4354833215475,
      "min_ms": 1214.6054320037365,
      "max_ms": 1249.9499539844692
    }
  },
  "Umbra": {
    "Q1": {
      "all_ms": [
        81.49242401123047,
        83.31682300195098,
        91.87043737620115
      ],
      "average_ms": 85.55989479646087,
      "min_ms": 81.49242401123047,
      "max_ms": 91.87043737620115
    },
    "Q18": {
      "all_ms": [
        205.54810017347336,
        199.96780063956976,
        191.96812622249126
      ],
      "average_ms": 199.16134234517813,
      "min_ms": 191.96812622249126,
      "max_ms": 205.54810017347336
    },
    "Q3": {
      "all_ms": [
        111.6819609887898,
        100.06184177473187,
        35.802646074444056
      ],
      "average_ms": 82.51548294598858,
      "min_ms": 35.802646074444056,
      "max_ms": 111.6819609887898
    },
    "Q6": {
      "all_ms": [
        28.285093139857054,
        27.74447901174426,
        5.617158021777868
      ],
      "average_ms": 20.548910057793062,
      "min_ms": 5.617158021777868,
      "max_ms": 28.285093139857054
    },
    "Q9": {
      "all_ms": [
        211.52875199913979,
        196.07619708403945,
        215.7770781777799
      ],
      "average_ms": 207.7940090869864,
      "min_ms": 196.07619708403945,
      "max_ms": 215.7770781777799
    }
  },
  "MonetDB": {
    "Q1": {
      "all_ms": [
        469.8732099495828,
        472.6616172119975,
        469.2026190459728
      ],
      "average_ms": 470.57914873585105,
      "min_ms": 469.2026190459728,
      "max_ms": 472.6616172119975
    },
    "Q18": {
      "all_ms": [
        514.8819969035685,
        522.4890811368823,
        514.3512208014727
      ],
      "average_ms": 517.2407662806412,
      "min_ms": 514.3512208014727,
      "max_ms": 522.4890811368823
    },
    "Q3": {
      "all_ms": [
        197.7639771066606,
        191.21475517749786,
        196.58647803589702
      ],
      "average_ms": 195.1884034400185,
      "min_ms": 191.21475517749786,
      "max_ms": 197.7639771066606
    },
    "Q6": {
      "all_ms": [
        36.16137616336346,
        36.10318526625633,
        37.90789796039462
      ],
      "average_ms": 36.7241531300048,
      "min_ms": 36.10318526625633,
      "max_ms": 37.90789796039462
    },
    "Q9": {
      "all_ms": [
        181.32395204156637,
        168.09896938502789,
        168.4771846048534
      ],
      "average_ms": 172.6333686771492,
      "min_ms": 168.09896938502789,
      "max_ms": 181.32395204156637
    }
  }
}