{
  "GenDB": {
    "Q1": {
      "all_ms": [
        41.0,
        43.0,
        44.0
      ],
      "average_ms": 42.666666666666664,
      "min_ms": 41.0,
      "max_ms": 44.0
    },
    "Q3": {
      "all_ms": [
        336.0,
        345.0,
        336.0
      ],
      "average_ms": 339.0,
      "min_ms": 336.0,
      "max_ms": 345.0
    },
    "Q6": {
      "all_ms": [
        10.0,
        10.0,
        10.0
      ],
      "average_ms": 10.0,
      "min_ms": 10.0,
      "max_ms": 10.0
    }
  },
  "PostgreSQL": {
    "Q1": {
      "all_ms": [
        15220.592353958637,
        14842.10532112047,
        14742.877061013132
      ],
      "average_ms": 14935.191578697413,
      "min_ms": 14742.877061013132,
      "max_ms": 15220.592353958637
    },
    "Q3": {
      "all_ms": [
        5352.115763351321,
        5198.703776113689,
        5194.465620908886
      ],
      "average_ms": 5248.428386791299,
      "min_ms": 5194.465620908886,
      "max_ms": 5352.115763351321
    },
    "Q6": {
      "all_ms": [
        2250.2610883675516,
        2219.4500425830483,
        2233.2931659184396
      ],
      "average_ms": 2234.334765623013,
      "min_ms": 2219.4500425830483,
      "max_ms": 2250.2610883675516
    }
  },
  "DuckDB": {
    "Q1": {
      "all_ms": [
        160.10694112628698,
        87.54683006554842,
        84.30977584794164
      ],
      "average_ms": 110.65451567992568,
      "min_ms": 84.30977584794164,
      "max_ms": 160.10694112628698
    },
    "Q3": {
      "all_ms": [
        116.92525213584304,
        89.08073557540774,
        91.75301110371947
      ],
      "average_ms": 99.25299960499008,
      "min_ms": 89.08073557540774,
      "max_ms": 116.92525213584304
    },
    "Q6": {
      "all_ms": [
        22.60013809427619,
        19.41310614347458,
        19.69332480803132
      ],
      "average_ms": 20.56885634859403,
      "min_ms": 19.41310614347458,
      "max_ms": 22.60013809427619
    }
  }
}