{
  "GenDB": {
    "Q1": {
      "all_ms": [
        2277.0
      ],
      "best_ms": 2277.0
    },
    "Q3": {
      "all_ms": [
        2855.0
      ],
      "best_ms": 2855.0
    },
    "Q6": {
      "all_ms": [
        256.0
      ],
      "best_ms": 256.0
    }
  },
  "PostgreSQL": {
    "Q1": {
      "all_ms": [
        19398.60160788521
      ],
      "best_ms": 19398.60160788521
    },
    "Q3": {
      "all_ms": [
        7117.697927169502
      ],
      "best_ms": 7117.697927169502
    },
    "Q6": {
      "all_ms": [
        3061.592241981998
      ],
      "best_ms": 3061.592241981998
    }
  },
  "DuckDB": {
    "Q1": {
      "all_ms": [
        199.28482291288674
      ],
      "best_ms": 199.28482291288674
    },
    "Q3": {
      "all_ms": [
        134.9050800781697
      ],
      "best_ms": 134.9050800781697
    },
    "Q6": {
      "all_ms": [
        27.017398038879037
      ],
      "best_ms": 27.017398038879037
    }
  }
}