{
  "GenDB": {
    "Q1": {
      "all_ms": [
        99.08,
        167.32,
        100.72
      ],
      "average_ms": 122.37333333333333,
      "min_ms": 99.08,
      "max_ms": 167.32
    },
    "Q18": {
      "all_ms": [
        75.17999999999999,
        83.73,
        100.66
      ],
      "average_ms": 86.52333333333333,
      "min_ms": 75.17999999999999,
      "max_ms": 100.66
    },
    "Q3": {
      "all_ms": [
        110.78,
        114.88,
        110.74
      ],
      "average_ms": 112.13333333333333,
      "min_ms": 110.74,
      "max_ms": 114.88
    },
    "Q6": {
      "all_ms": [
        28.84,
        27.599999999999998,
        25.84
      ],
      "average_ms": 27.426666666666666,
      "min_ms": 25.84,
      "max_ms": 28.84
    },
    "Q9": {
      "all_ms": [
        83.54,
        80.45,
        118.11
      ],
      "average_ms": 94.03333333333335,
      "min_ms": 80.45,
      "max_ms": 118.11
    }
  },
  "PostgreSQL": {
    "Q1": {
      "all_ms": [
        6747.068517841399,
        6384.919928852469,
        6421.354955993593
      ],
      "average_ms": 6517.781134229153,
      "min_ms": 6384.919928852469,
      "max_ms": 6747.068517841399
    },
    "Q18": {
      "all_ms": [
        32222.2696589306,
        35556.014619302005,
        31942.085636779666
      ],
      "average_ms": 33240.12330500409,
      "min_ms": 31942.085636779666,
      "max_ms": 35556.014619302005
    },
    "Q3": {
      "all_ms": [
        2095.8753246814013,
        2126.77144119516,
        2104.9386519007385
      ],
      "average_ms": 2109.1951392591,
      "min_ms": 2095.8753246814013,
      "max_ms": 2126.77144119516
    },
    "Q6": {
      "all_ms": [
        1125.382995698601,
        1145.081747788936,
        1165.1278110221028
      ],
      "average_ms": 1145.19751816988,
      "min_ms": 1125.382995698601,
      "max_ms": 1165.1278110221028
    },
    "Q9": {
      "all_ms": [
        10103.645273949951,
        9477.582314051688,
        9352.952443994582
      ],
      "average_ms": 9644.726677332073,
      "min_ms": 9352.952443994582,
      "max_ms": 10103.645273949951
    }
  },
  "DuckDB": {
    "Q1": {
      "all_ms": [
        2111.6955340839922,
        92.04638516530395,
        83.34363903850317
      ],
      "average_ms": 762.3618527625998,
      "min_ms": 83.34363903850317,
      "max_ms": 2111.6955340839922
    },
    "Q18": {
      "all_ms": [
        1448.6666177399457,
        193.36207676678896,
        182.72113101556897
      ],
      "average_ms": 608.2499418407679,
      "min_ms": 182.72113101556897,
      "max_ms": 1448.6666177399457
    },
    "Q3": {
      "all_ms": [
        127.59202579036355,
        97.89751609787345,
        83.77431007102132
      ],
      "average_ms": 103.08795065308611,
      "min_ms": 83.77431007102132,
      "max_ms": 127.59202579036355
    },
    "Q6": {
      "all_ms": [
        127.51108920201659,
        19.91186710074544,
        20.42807126417756
      ],
      "average_ms": 55.9503425223132,
      "min_ms": 19.91186710074544,
      "max_ms": 127.51108920201659
    },
    "Q9": {
      "all_ms": [
        1591.9702700339258,
        237.53717308863997,
        249.14746079593897
      ],
      "average_ms": 692.8849679728349,
      "min_ms": 237.53717308863997,
      "max_ms": 1591.9702700339258
    }
  },
  "ClickHouse": {
    "Q1": {
      "all_ms": [
        2682.820057030767,
        252.55324877798557,
        254.84544271603227
      ],
      "average_ms": 1063.4062495082617,
      "min_ms": 252.55324877798557,
      "max_ms": 2682.820057030767
    },
    "Q18": {
      "all_ms": [
        1180.540624074638,
        326.50558557361364,
        288.16948365420103
      ],
      "average_ms": 598.4052311008176,
      "min_ms": 288.16948365420103,
      "max_ms": 1180.540624074638
    },
    "Q3": {
      "all_ms": [
        469.5255062542856,
        459.5629321411252,
        479.2109290137887
      ],
      "average_ms": 469.4331224697332,
      "min_ms": 459.5629321411252,
      "max_ms": 479.2109290137887
    },
    "Q6": {
      "all_ms": [
        107.55030578002334,
        76.21747115626931,
        77.83786905929446
      ],
      "average_ms": 87.20188199852903,
      "min_ms": 76.21747115626931,
      "max_ms": 107.55030578002334
    },
    "Q9": {
      "all_ms": [
        2248.6476339399815,
        1408.334487117827,
        1291.512600146234
      ],
      "average_ms": 1649.4982404013474,
      "min_ms": 1291.512600146234,
      "max_ms": 2248.6476339399815
    }
  },
  "Umbra": {
    "Q1": {
      "all_ms": [
        2019.8834449984133,
        87.83880900591612,
        87.97441376373172
      ],
      "average_ms": 731.8988892560204,
      "min_ms": 87.83880900591612,
      "max_ms": 2019.8834449984133
    },
    "Q18": {
      "all_ms": [
        2106.886390130967,
        201.5497270040214,
        187.9860870540142
      ],
      "average_ms": 832.1407347296675,
      "min_ms": 187.9860870540142,
      "max_ms": 2106.886390130967
    },
    "Q3": {
      "all_ms": [
        116.77460512146354,
        118.10491280630231,
        101.79849667474627
      ],
      "average_ms": 112.22600486750405,
      "min_ms": 101.79849667474627,
      "max_ms": 118.10491280630231
    },
    "Q6": {
      "all_ms": [
        25.892348028719425,
        15.954224858433008,
        16.641841735690832
      ],
      "average_ms": 19.496138207614422,
      "min_ms": 15.954224858433008,
      "max_ms": 25.892348028719425
    },
    "Q9": {
      "all_ms": [
        2357.407516799867,
        215.68724606186152,
        244.27520902827382
      ],
      "average_ms": 939.1233239633342,
      "min_ms": 215.68724606186152,
      "max_ms": 2357.407516799867
    }
  }
}