{
  "PostgreSQL": {
    "Q1": {
      "all_ms": [
        6682.061728090048,
        6427.327163051814,
        6452.807059977204
      ],
      "average_ms": 6520.731983706355,
      "min_ms": 6427.327163051814,
      "max_ms": 6682.061728090048
    },
    "Q18": {
      "all_ms": [
        37241.95986893028,
        31239.84472313896,
        33693.44223337248
      ],
      "average_ms": 34058.41560848057,
      "min_ms": 31239.84472313896,
      "max_ms": 37241.95986893028
    },
    "Q3": {
      "all_ms": [
        2100.6216439418495,
        2031.9401482120156,
        2072.2342752851546
      ],
      "average_ms": 2068.2653558130064,
      "min_ms": 2031.9401482120156,
      "max_ms": 2100.6216439418495
    },
    "Q6": {
      "all_ms": [
        2599.007138982415,
        2606.842326000333,
        2710.5577350594103
      ],
      "average_ms": 2638.8024000140526,
      "min_ms": 2599.007138982415,
      "max_ms": 2710.5577350594103
    },
    "Q9": {
      "all_ms": [
        7166.297654155642,
        7178.015051409602,
        7215.523116756231
      ],
      "average_ms": 7186.611940773825,
      "min_ms": 7166.297654155642,
      "max_ms": 7215.523116756231
    }
  },
  "DuckDB": {
    "Q1": {
      "all_ms": [
        82.71676814183593,
        81.4759568311274,
        81.72960299998522
      ],
      "average_ms": 81.97410932431619,
      "min_ms": 81.4759568311274,
      "max_ms": 82.71676814183593
    },
    "Q18": {
      "all_ms": [
        177.00776644051075,
        176.63667909801006,
        176.45471636205912
      ],
      "average_ms": 176.69972063352665,
      "min_ms": 176.45471636205912,
      "max_ms": 177.00776644051075
    },
    "Q3": {
      "all_ms": [
        89.76702811196446,
        81.9395761936903,
        80.82171995192766
      ],
      "average_ms": 84.1761080858608,
      "min_ms": 80.82171995192766,
      "max_ms": 89.76702811196446
    },
    "Q6": {
      "all_ms": [
        19.247161224484444,
        20.076724234968424,
        19.245948176831007
      ],
      "average_ms": 19.52327787876129,
      "min_ms": 19.245948176831007,
      "max_ms": 20.076724234968424
    },
    "Q9": {
      "all_ms": [
        234.47473626583815,
        228.82334096357226,
        238.94589999690652
      ],
      "average_ms": 234.08132574210563,
      "min_ms": 228.82334096357226,
      "max_ms": 238.94589999690652
    }
  },
  "ClickHouse": {
    "Q1": {
      "all_ms": [
        250.08982187137008,
        267.3912378959358,
        281.9931306876242
      ],
      "average_ms": 266.49139681831,
      "min_ms": 250.08982187137008,
      "max_ms": 281.9931306876242
    },
    "Q18": {
      "all_ms": [
        340.14609176665545,
        284.8381637595594,
        283.90539111569524
      ],
      "average_ms": 302.9632155473034,
      "min_ms": 283.90539111569524,
      "max_ms": 340.14609176665545
    },
    "Q3": {
      "all_ms": [
        416.0754312761128,
        385.4705118574202,
        442.01796501874924
      ],
      "average_ms": 414.52130271742743,
      "min_ms": 385.4705118574202,
      "max_ms": 442.01796501874924
    },
    "Q6": {
      "all_ms": [
        78.53850582614541,
        79.09383019432425,
        75.69259684532881
      ],
      "average_ms": 77.77497762193282,
      "min_ms": 75.69259684532881,
      "max_ms": 79.09383019432425
    },
    "Q9": {
      "all_ms": [
        1259.4008059240878,
        1231.4525078982115,
        1192.2065122053027
      ],
      "average_ms": 1227.6866086758673,
      "min_ms": 1192.2065122053027,
      "max_ms": 1259.4008059240878
    }
  },
  "Umbra": {
    "Q1": {
      "all_ms": [
        91.48392267525196,
        84.06244684010744,
        92.00270939618349
      ],
      "average_ms": 89.18302630384763,
      "min_ms": 84.06244684010744,
      "max_ms": 92.00270939618349
    },
    "Q18": {
      "all_ms": [
        262.14380469173193,
        204.71895672380924,
        208.1215512007475
      ],
      "average_ms": 224.9947708720962,
      "min_ms": 204.71895672380924,
      "max_ms": 262.14380469173193
    },
    "Q3": {
      "all_ms": [
        80.04098292440176,
        83.81973765790462,
        107.97893302515149
      ],
      "average_ms": 90.61321786915262,
      "min_ms": 80.04098292440176,
      "max_ms": 107.97893302515149
    },
    "Q6": {
      "all_ms": [
        16.03472325950861,
        16.00751793012023,
        27.96409884467721
      ],
      "average_ms": 20.002113344768684,
      "min_ms": 16.00751793012023,
      "max_ms": 27.96409884467721
    },
    "Q9": {
      "all_ms": [
        204.55152029171586,
        231.81425919756293,
        268.13982985913754
      ],
      "average_ms": 234.83520311613879,
      "min_ms": 204.55152029171586,
      "max_ms": 268.13982985913754
    }
  },
  "MonetDB": {
    "Q1": {
      "all_ms": [
        538.1260830909014,
        530.9069850482047,
        521.0476783104241
      ],
      "average_ms": 530.0269154831767,
      "min_ms": 521.0476783104241,
      "max_ms": 538.1260830909014
    },
    "Q18": {
      "all_ms": [
        511.91506115719676,
        483.70687989518046,
        504.9331849440932
      ],
      "average_ms": 500.18504199882346,
      "min_ms": 483.70687989518046,
      "max_ms": 511.91506115719676
    },
    "Q3": {
      "all_ms": [
        192.2161029651761,
        190.38646202534437,
        199.83501313254237
      ],
      "average_ms": 194.14585937435427,
      "min_ms": 190.38646202534437,
      "max_ms": 199.83501313254237
    },
    "Q6": {
      "all_ms": [
        35.81891022622585,
        36.9216101244092,
        37.30516880750656
      ],
      "average_ms": 36.68189638604721,
      "min_ms": 35.81891022622585,
      "max_ms": 37.30516880750656
    },
    "Q9": {
      "all_ms": [
        258.4365801885724,
        219.0530840307474,
        171.28859227523208
      ],
      "average_ms": 216.2594188315173,
      "min_ms": 171.28859227523208,
      "max_ms": 258.4365801885724
    }
  }
}