{
  "GenDB": {
    "Q1": {
      "all_ms": [
        46.31,
        48.25,
        46.5
      ],
      "average_ms": 47.02,
      "min_ms": 46.31,
      "max_ms": 48.25
    },
    "Q3": {
      "all_ms": [
        292.38,
        292.19000000000005,
        289.69
      ],
      "average_ms": 291.42,
      "min_ms": 289.69,
      "max_ms": 292.38
    },
    "Q6": {
      "all_ms": [
        19.34,
        18.85,
        18.81
      ],
      "average_ms": 19.0,
      "min_ms": 18.81,
      "max_ms": 19.34
    }
  },
  "PostgreSQL": {
    "Q1": {
      "all_ms": [
        6216.130610089749,
        6093.162768986076,
        6060.544962994754
      ],
      "average_ms": 6123.27944735686,
      "min_ms": 6060.544962994754,
      "max_ms": 6216.130610089749
    },
    "Q3": {
      "all_ms": [
        1979.4719559140503,
        1968.8710430637002,
        1955.6571100838482
      ],
      "average_ms": 1968.0000363538663,
      "min_ms": 1955.6571100838482,
      "max_ms": 1979.4719559140503
    },
    "Q6": {
      "all_ms": [
        1066.9960621744394,
        1053.4041351638734,
        1053.0376331880689
      ],
      "average_ms": 1057.8126101754606,
      "min_ms": 1053.0376331880689,
      "max_ms": 1066.9960621744394
    }
  },
  "DuckDB": {
    "Q1": {
      "all_ms": [
        165.64520495012403,
        83.17954000085592,
        82.83956395462155
      ],
      "average_ms": 110.5547696352005,
      "min_ms": 82.83956395462155,
      "max_ms": 165.64520495012403
    },
    "Q3": {
      "all_ms": [
        114.87894598394632,
        84.73692694678903,
        79.16145818307996
      ],
      "average_ms": 92.92577703793843,
      "min_ms": 79.16145818307996,
      "max_ms": 114.87894598394632
    },
    "Q6": {
      "all_ms": [
        19.500314258038998,
        19.235576037317514,
        19.29133478552103
      ],
      "average_ms": 19.342408360292513,
      "min_ms": 19.235576037317514,
      "max_ms": 19.500314258038998
    }
  },
  "ClickHouse": {
    "Q1": {
      "all_ms": [
        339.44514906033874,
        248.09339316561818,
        253.79440002143383
      ],
      "average_ms": 280.44431408246356,
      "min_ms": 248.09339316561818,
      "max_ms": 339.44514906033874
    },
    "Q3": {
      "all_ms": [
        498.3145520091057,
        418.1159660220146,
        398.6209281720221
      ],
      "average_ms": 438.35048206771415,
      "min_ms": 398.6209281720221,
      "max_ms": 498.3145520091057
    },
    "Q6": {
      "all_ms": [
        104.96686305850744,
        71.58980797976255,
        73.71061714366078
      ],
      "average_ms": 83.42242939397693,
      "min_ms": 71.58980797976255,
      "max_ms": 104.96686305850744
    }
  },
  "Umbra": {
    "Q1": {
      "all_ms": [
        721.236078068614,
        85.35732794553041,
        91.36578487232327
      ],
      "average_ms": 299.31973029548925,
      "min_ms": 85.35732794553041,
      "max_ms": 721.236078068614
    },
    "Q3": {
      "all_ms": [
        1778.173891827464,
        55.58316130191088,
        104.89673493430018
      ],
      "average_ms": 646.2179293545584,
      "min_ms": 55.58316130191088,
      "max_ms": 1778.173891827464
    },
    "Q6": {
      "all_ms": [
        24.92604684084654,
        20.006210077553988,
        20.001776982098818
      ],
      "average_ms": 21.644677966833115,
      "min_ms": 20.001776982098818,
      "max_ms": 24.92604684084654
    }
  },
  "MonetDB": {
    "Q1": {
      "all_ms": [
        685.3734729811549,
        431.524574290961,
        426.08592892065644
      ],
      "average_ms": 514.3279920642575,
      "min_ms": 426.08592892065644,
      "max_ms": 685.3734729811549
    },
    "Q3": {
      "all_ms": [
        205.8851132169366,
        197.96082377433777,
        204.4309158809483
      ],
      "average_ms": 202.75895095740756,
      "min_ms": 197.96082377433777,
      "max_ms": 205.8851132169366
    },
    "Q6": {
      "all_ms": [
        92.39086415618658,
        91.88641095533967,
        95.62693582847714
      ],
      "average_ms": 93.3014036466678,
      "min_ms": 91.88641095533967,
      "max_ms": 95.62693582847714
    }
  }
}