{
  "GenDB": {
    "Q1": {
      "all_ms": [
        43.93000000000001,
        55.98,
        41.61
      ],
      "average_ms": 47.17333333333334,
      "min_ms": 41.61,
      "max_ms": 55.98
    },
    "Q18": {
      "all_ms": [
        132.32,
        133.21,
        130.85
      ],
      "average_ms": 132.12666666666667,
      "min_ms": 130.85,
      "max_ms": 133.21
    },
    "Q3": {
      "all_ms": [
        123.74,
        120.54,
        93.81
      ],
      "average_ms": 112.69666666666667,
      "min_ms": 93.81,
      "max_ms": 123.74
    },
    "Q6": {
      "all_ms": [
        29.44,
        29.49,
        29.270000000000003
      ],
      "average_ms": 29.400000000000002,
      "min_ms": 29.270000000000003,
      "max_ms": 29.49
    },
    "Q9": {
      "all_ms": [
        54.089999999999996,
        53.839999999999996,
        54.26
      ],
      "average_ms": 54.06333333333333,
      "min_ms": 53.839999999999996,
      "max_ms": 54.26
    }
  },
  "PostgreSQL": {
    "Q1": {
      "all_ms": [
        6470.295909792185,
        6336.74115780741,
        6321.035228669643
      ],
      "average_ms": 6376.024098756413,
      "min_ms": 6321.035228669643,
      "max_ms": 6470.295909792185
    },
    "Q18": {
      "all_ms": [
        33413.82311005145,
        31037.43119817227,
        32021.26925205812
      ],
      "average_ms": 32157.50785342728,
      "min_ms": 31037.43119817227,
      "max_ms": 33413.82311005145
    },
    "Q3": {
      "all_ms": [
        2248.7023631110787,
        2149.766012094915,
        2127.2269608452916
      ],
      "average_ms": 2175.2317786837616,
      "min_ms": 2127.2269608452916,
      "max_ms": 2248.7023631110787
    },
    "Q6": {
      "all_ms": [
        1183.7593638338149,
        1180.2612040191889,
        1176.797125954181
      ],
      "average_ms": 1180.2725646023948,
      "min_ms": 1176.797125954181,
      "max_ms": 1183.7593638338149
    },
    "Q9": {
      "all_ms": [
        43486.09600588679,
        42969.50903581455,
        42871.845149900764
      ],
      "average_ms": 43109.15006386737,
      "min_ms": 42871.845149900764,
      "max_ms": 43486.09600588679
    }
  },
  "DuckDB": {
    "Q1": {
      "all_ms": [
        83.51906994357705,
        83.39690836146474,
        81.98707923293114
      ],
      "average_ms": 82.96768584599097,
      "min_ms": 81.98707923293114,
      "max_ms": 83.51906994357705
    },
    "Q18": {
      "all_ms": [
        174.9723912216723,
        182.90797527879477,
        189.81964932754636
      ],
      "average_ms": 182.56667194267115,
      "min_ms": 174.9723912216723,
      "max_ms": 189.81964932754636
    },
    "Q3": {
      "all_ms": [
        90.80794174224138,
        94.78944586589932,
        78.97109305486083
      ],
      "average_ms": 88.18949355433385,
      "min_ms": 78.97109305486083,
      "max_ms": 94.78944586589932
    },
    "Q6": {
      "all_ms": [
        19.542370922863483,
        19.433373119682074,
        19.373941235244274
      ],
      "average_ms": 19.44989509259661,
      "min_ms": 19.373941235244274,
      "max_ms": 19.542370922863483
    },
    "Q9": {
      "all_ms": [
        233.58165100216866,
        290.6295848079026,
        248.20741405710578
      ],
      "average_ms": 257.472883289059,
      "min_ms": 233.58165100216866,
      "max_ms": 290.6295848079026
    }
  },
  "ClickHouse": {
    "Q1": {
      "all_ms": [
        249.92959015071392,
        248.66252997890115,
        266.28531981259584
      ],
      "average_ms": 254.95914664740363,
      "min_ms": 248.66252997890115,
      "max_ms": 266.28531981259584
    },
    "Q18": {
      "all_ms": [
        309.00349700823426,
        276.6787139698863,
        277.0709372125566
      ],
      "average_ms": 287.58438273022574,
      "min_ms": 276.6787139698863,
      "max_ms": 309.00349700823426
    },
    "Q3": {
      "all_ms": [
        445.6308837980032,
        403.7811541929841,
        462.9513183608651
      ],
      "average_ms": 437.4544521172841,
      "min_ms": 403.7811541929841,
      "max_ms": 462.9513183608651
    },
    "Q6": {
      "all_ms": [
        72.55183905363083,
        74.34584200382233,
        77.13285414502025
      ],
      "average_ms": 74.67684506749113,
      "min_ms": 72.55183905363083,
      "max_ms": 77.13285414502025
    },
    "Q9": {
      "all_ms": [
        1391.826787032187,
        1332.9994338564575,
        1357.630421873182
      ],
      "average_ms": 1360.8188809206088,
      "min_ms": 1332.9994338564575,
      "max_ms": 1391.826787032187
    }
  },
  "Umbra": {
    "Q1": {
      "all_ms": [
        88.25060818344355,
        88.13139796257019,
        84.04864463955164
      ],
      "average_ms": 86.8102169285218,
      "min_ms": 84.04864463955164,
      "max_ms": 88.25060818344355
    },
    "Q18": {
      "all_ms": [
        230.59898195788264,
        204.06953804194927,
        207.8588679432869
      ],
      "average_ms": 214.1757959810396,
      "min_ms": 204.06953804194927,
      "max_ms": 230.59898195788264
    },
    "Q3": {
      "all_ms": [
        71.83570694178343,
        76.01490011438727,
        80.0804840400815
      ],
      "average_ms": 75.9770303654174,
      "min_ms": 71.83570694178343,
      "max_ms": 80.0804840400815
    },
    "Q6": {
      "all_ms": [
        28.006515000015497,
        23.976969998329878,
        19.960342906415462
      ],
      "average_ms": 23.981275968253613,
      "min_ms": 19.960342906415462,
      "max_ms": 28.006515000015497
    },
    "Q9": {
      "all_ms": [
        215.4263281263411,
        224.30398222059011,
        259.3989148736
      ],
      "average_ms": 233.0430750735104,
      "min_ms": 215.4263281263411,
      "max_ms": 259.3989148736
    }
  },
  "MonetDB": {
    "Q1": {
      "all_ms": [
        475.3487170673907,
        463.6905649676919,
        481.3305721618235
      ],
      "average_ms": 473.4566180656354,
      "min_ms": 463.6905649676919,
      "max_ms": 481.3305721618235
    },
    "Q18": {
      "all_ms": [
        509.65852616354823,
        524.632107000798,
        483.64834720268846
      ],
      "average_ms": 505.9796601223449,
      "min_ms": 483.64834720268846,
      "max_ms": 524.632107000798
    },
    "Q3": {
      "all_ms": [
        196.56018586829305,
        192.30642262846231,
        199.80078376829624
      ],
      "average_ms": 196.22246408835053,
      "min_ms": 192.30642262846231,
      "max_ms": 199.80078376829624
    },
    "Q6": {
      "all_ms": [
        48.95481467247009,
        39.882255252450705,
        40.727613028138876
      ],
      "average_ms": 43.18822765101989,
      "min_ms": 39.882255252450705,
      "max_ms": 48.95481467247009
    },
    "Q9": {
      "all_ms": [
        176.13593628630042,
        202.7450641617179,
        186.2049587070942
      ],
      "average_ms": 188.3619863850375,
      "min_ms": 176.13593628630042,
      "max_ms": 202.7450641617179
    }
  }
}