{
  "total_wall_clock_ms": 5528539,
  "total_tokens": {
    "input": 11669,
    "output": 2032954,
    "cache_read": 156526824,
    "cache_creation": 6018894
  },
  "total_cost_usd": 26.682191120000006,
  "phases": {
    "phase1": {
      "total_ms": 592562,
      "agents": {
        "workload_analyzer": {
          "duration_ms": 68055,
          "tokens": {
            "input": 185,
            "output": 8634,
            "cache_read": 229176,
            "cache_creation": 22643
          },
          "cost_usd": 0.07566108
        },
        "storage_designer": {
          "duration_ms": 524507,
          "tokens": {
            "input": 73,
            "output": 43469,
            "cache_read": 2331000,
            "cache_creation": 80898
          },
          "cost_usd": 0.44131240000000005
        }
      }
    },
    "query_Q12": {
      "total_ms": 1810512,
      "agents": {
        "code_generator": {
          "duration_ms": 88190,
          "tokens": {
            "input": 75,
            "output": 9217,
            "cache_read": 592654,
            "cache_creation": 26409
          },
          "cost_usd": 0.11074932
        },
        "query_optimizer": {
          "duration_ms": 1722322,
          "tokens": {
            "input": 495,
            "output": 179294,
            "cache_read": 12472521,
            "cache_creation": 463043
          },
          "cost_usd": 2.1784166799999998
        }
      }
    },
    "query_Q7": {
      "total_ms": 1433070,
      "agents": {
        "code_generator": {
          "duration_ms": 93975,
          "tokens": {
            "input": 87,
            "output": 9823,
            "cache_read": 762452,
            "cache_creation": 35082
          },
          "cost_usd": 0.13543976000000002
        },
        "query_optimizer": {
          "duration_ms": 1339095,
          "tokens": {
            "input": 599,
            "output": 116576,
            "cache_read": 9672186,
            "cache_creation": 454280
          },
          "cost_usd": 1.6948380800000002
        }
      }
    },
    "query_Q16": {
      "total_ms": 1227742,
      "agents": {
        "code_generator": {
          "duration_ms": 155276,
          "tokens": {
            "input": 111,
            "output": 14391,
            "cache_read": 1370176,
            "cache_creation": 46643
          },
          "cost_usd": 0.21390988
        },
        "query_optimizer": {
          "duration_ms": 1072466,
          "tokens": {
            "input": 487,
            "output": 103008,
            "cache_read": 6160714,
            "cache_creation": 347209
          },
          "cost_usd": 1.25248772
        }
      }
    },
    "query_Q6": {
      "total_ms": 1271680,
      "agents": {
        "code_generator": {
          "duration_ms": 174411,
          "tokens": {
            "input": 85,
            "output": 17245,
            "cache_read": 2265786,
            "cache_creation": 41873
          },
          "cost_usd": 0.29218388
        },
        "query_optimizer": {
          "duration_ms": 1097269,
          "tokens": {
            "input": 477,
            "output": 131701,
            "cache_read": 8001681,
            "cache_creation": 335809
          },
          "cost_usd": 1.50312908
        }
      }
    },
    "query_Q9": {
      "total_ms": 1227414,
      "agents": {
        "code_generator": {
          "duration_ms": 240839,
          "tokens": {
            "input": 40,
            "output": 17679,
            "cache_read": 1169862,
            "cache_creation": 34827
          },
          "cost_usd": 0.19916396000000003
        },
        "query_optimizer": {
          "duration_ms": 986575,
          "tokens": {
            "input": 390,
            "output": 64468,
            "cache_read": 5246257,
            "cache_creation": 383844
          },
          "cost_usd": 1.06172856
        }
      }
    },
    "query_Q3": {
      "total_ms": 1222356,
      "agents": {
        "code_generator": {
          "duration_ms": 261827,
          "tokens": {
            "input": 862,
            "output": 25670,
            "cache_read": 2433197,
            "cache_creation": 51336
          },
          "cost_usd": 0.34936136
        },
        "query_optimizer": {
          "duration_ms": 960529,
          "tokens": {
            "input": 377,
            "output": 117129,
            "cache_read": 7096488,
            "cache_creation": 364020
          },
          "cost_usd": 1.4005566399999998
        }
      }
    },
    "query_Q13": {
      "total_ms": 1541548,
      "agents": {
        "code_generator": {
          "duration_ms": 286078,
          "tokens": {
            "input": 106,
            "output": 24606,
            "cache_read": 3060117,
            "cache_creation": 57018
          },
          "cost_usd": 0.40033616
        },
        "query_optimizer": {
          "duration_ms": 1255470,
          "tokens": {
            "input": 498,
            "output": 115303,
            "cache_read": 7443223,
            "cache_creation": 350632
          },
          "cost_usd": 1.4077002400000003
        }
      }
    },
    "query_Q20": {
      "total_ms": 2230622,
      "agents": {
        "code_generator": {
          "duration_ms": 341997,
          "tokens": {
            "input": 91,
            "output": 27538,
            "cache_read": 1949152,
            "cache_creation": 55583
          },
          "cost_usd": 0.32173996
        },
        "query_optimizer": {
          "duration_ms": 1888625,
          "tokens": {
            "input": 450,
            "output": 94644,
            "cache_read": 7455980,
            "cache_creation": 397944
          },
          "cost_usd": 1.3733584000000003
        }
      }
    },
    "query_Q22": {
      "total_ms": 1104623,
      "agents": {
        "code_generator": {
          "duration_ms": 380419,
          "tokens": {
            "input": 102,
            "output": 45431,
            "cache_read": 2751502,
            "cache_creation": 60077
          },
          "cost_usd": 0.46200276
        },
        "query_optimizer": {
          "duration_ms": 724204,
          "tokens": {
            "input": 419,
            "output": 83828,
            "cache_read": 5364292,
            "cache_creation": 290473
          },
          "cost_usd": 1.05526356
        }
      }
    },
    "query_Q10": {
      "total_ms": 1797373,
      "agents": {
        "code_generator": {
          "duration_ms": 551338,
          "tokens": {
            "input": 64,
            "output": 34181,
            "cache_read": 2697025,
            "cache_creation": 58484
          },
          "cost_usd": 0.4110212
        },
        "query_optimizer": {
          "duration_ms": 1246035,
          "tokens": {
            "input": 3312,
            "output": 145852,
            "cache_read": 9065216,
            "cache_creation": 413695
          },
          "cost_usd": 1.7249698800000002
        }
      }
    },
    "query_Q18": {
      "total_ms": 2390553,
      "agents": {
        "code_generator": {
          "duration_ms": 586081,
          "tokens": {
            "input": 96,
            "output": 55092,
            "cache_read": 7610985,
            "cache_creation": 101011
          },
          "cost_usd": 0.9303346
        },
        "query_optimizer": {
          "duration_ms": 1804472,
          "tokens": {
            "input": 629,
            "output": 139312,
            "cache_read": 15436104,
            "cache_creation": 511201
          },
          "cost_usd": 2.30384052
        }
      }
    },
    "query_Q5": {
      "total_ms": 2159854,
      "agents": {
        "code_generator": {
          "duration_ms": 642535,
          "tokens": {
            "input": 86,
            "output": 64187,
            "cache_read": 7319623,
            "cache_creation": 105691
          },
          "cost_usd": 0.9480776399999999
        },