{
  "GenDB": {
    "Q1": {
      "all_ms": [
        10.899999999999999,
        11.56,
        15.690000000000001
      ],
      "average_ms": 12.716666666666667,
      "min_ms": 10.899999999999999,
      "max_ms": 15.690000000000001
    },
    "Q2": {
      "all_ms": [
        24.86,
        26.89,
        26.52
      ],
      "average_ms": 26.09,
      "min_ms": 24.86,
      "max_ms": 26.89
    },
    "Q24": {
      "all_ms": [
        61.26,
        61.93,
        64.68
      ],
      "average_ms": 62.623333333333335,
      "min_ms": 61.26,
      "max_ms": 64.68
    },
    "Q3": {
      "all_ms": [
        26.33,
        29.94,
        25.479999999999997
      ],
      "average_ms": 27.25,
      "min_ms": 25.479999999999997,
      "max_ms": 29.94
    },
    "Q4": {
      "all_ms": [
        99.47,
        97.93,
        100.13
      ],
      "average_ms": 99.17666666666666,
      "min_ms": 97.93,
      "max_ms": 100.13
    },
    "Q6": {
      "all_ms": [
        116.99,
        97.54,
        85.59
      ],
      "average_ms": 100.04,
      "min_ms": 85.59,
      "max_ms": 116.99
    }
  },
  "PostgreSQL": {
    "Q1": {
      "all_ms": [
        19966.493130661547,
        19900.9943427518,
        19963.327886071056
      ],
      "average_ms": 19943.605119828135,
      "min_ms": 19900.9943427518,
      "max_ms": 19966.493130661547
    },
    "Q2": {
      "all_ms": [
        1874.916479922831,
        1840.070879086852,
        1820.6574809737504
      ],
      "average_ms": 1845.2149466611445,
      "min_ms": 1820.6574809737504,
      "max_ms": 1874.916479922831
    },
    "Q24": {
      "all_ms": [
        35762.578333262354,
        35181.89052864909,
        35718.32901798189
      ],
      "average_ms": 35554.26595996445,
      "min_ms": 35181.89052864909,
      "max_ms": 35762.578333262354
    },
    "Q3": {
      "all_ms": [
        3541.9153780676425,
        3515.6486071646214,
        3533.8112809695303
      ],
      "average_ms": 3530.4584220672646,
      "min_ms": 3515.6486071646214,
      "max_ms": 3541.9153780676425
    },
    "Q4": {
      "all_ms": [
        2720.1646477915347,
        2687.364344019443,
        2693.6747008003294
      ],
      "average_ms": 2700.4012308704355,
      "min_ms": 2687.364344019443,
      "max_ms": 2720.1646477915347
    },
    "Q6": {
      "all_ms": [
        4121.5289160609245,
        4060.4985589161515,
        4112.148805055767
      ],
      "average_ms": 4098.0587600109475,
      "min_ms": 4060.4985589161515,
      "max_ms": 4121.5289160609245
    }
  },
  "DuckDB": {
    "Q1": {
      "all_ms": [
        57.611060328781605,
        54.30969689041376,
        52.930088713765144
      ],
      "average_ms": 54.9502819776535,
      "min_ms": 52.930088713765144,
      "max_ms": 57.611060328781605
    },
    "Q2": {
      "all_ms": [
        106.71512829139829,
        95.5919548869133,
        96.73110069707036
      ],
      "average_ms": 99.67939462512732,
      "min_ms": 95.5919548869133,
      "max_ms": 106.71512829139829
    },
    "Q24": {
      "all_ms": [
        397.8140391409397,
        377.37161107361317,
        379.16121585294604
      ],
      "average_ms": 384.7822886891663,
      "min_ms": 377.37161107361317,
      "max_ms": 397.8140391409397
    },
    "Q3": {
      "all_ms": [
        221.52410121634603,
        212.99991803243756,
        217.45449071750045
      ],
      "average_ms": 217.32616998876134,
      "min_ms": 212.99991803243756,
      "max_ms": 221.52410121634603
    },
    "Q4": {
      "all_ms": [
        400.5054379813373,
        389.47758730500937,
        432.3073700070381
      ],
      "average_ms": 407.4301317644616,
      "min_ms": 389.47758730500937,
      "max_ms": 432.3073700070381
    },
    "Q6": {
      "all_ms": [
        443.1757410056889,
        463.81778875365853,
        518.0228156968951
      ],
      "average_ms": 475.0054484854142,
      "min_ms": 443.1757410056889,
      "max_ms": 518.0228156968951
    }
  },
  "ClickHouse": {
    "Q1": {
      "all_ms": [
        86.69690694659948,
        79.94906697422266,
        104.3219231069088
      ],
      "average_ms": 90.32263234257698,
      "min_ms": 79.94906697422266,
      "max_ms": 104.3219231069088
    },
    "Q2": {
      "all_ms": [
        189.99386671930552,
        186.39061599969864,
        205.3285362198949
      ],
      "average_ms": 193.9043396462997,
      "min_ms": 186.39061599969864,
      "max_ms": 205.3285362198949
    },
    "Q24": {
      "all_ms": [
        536.4698288030922,
        578.8799640722573,
        556.6839212551713
      ],
      "average_ms": 557.3445713768402,
      "min_ms": 536.4698288030922,
      "max_ms": 578.8799640722573
    },
    "Q3": {
      "all_ms": [
        307.59484600275755,
        302.5831077247858,
        309.6012780442834
      ],
      "average_ms": 306.5930772572756,
      "min_ms": 302.5831077247858,
      "max_ms": 309.6012780442834
    },
    "Q4": {
      "all_ms": [
        390.2750131674111,
        394.814055878669,
        425.78701628372073
      ],
      "average_ms": 403.6253617766003,
      "min_ms": 390.2750131674111,
      "max_ms": 425.78701628372073
    },
    "Q6": {
      "all_ms": [
        476.1778246611357,
        488.15035074949265,
        520.0296579860151
      ],
      "average_ms": 494.7859444655478,
      "min_ms": 476.1778246611357,
      "max_ms": 520.0296579860151
    }
  },
  "Umbra": {
    "Q1": {
      "all_ms": [
        135.3774289600551,
        68.13735095784068,
        79.56489874050021
      ],
      "average_ms": 94.359892886132,
      "min_ms": 68.13735095784068,
      "max_ms": 135.3774289600551
    },
    "Q2": {
      "all_ms": [
        63.81973112002015,
        40.083824656903744,
        55.77888106927276
      ],
      "average_ms": 53.22747894873222,
      "min_ms": 40.083824656903744,
      "max_ms": 63.81973112002015
    },
    "Q24": {
      "all_ms": [
        353.86440996080637,
        324.2708696052432,
        319.5781698450446
      ],
      "average_ms": 332.57114980369806,
      "min_ms": 319.5781698450446,
      "max_ms": 353.86440996080637
    },
    "Q3": {
      "all_ms": [
        230.49596324563026,
        209.5190999098122,
        224.04005797579885
      ],
      "average_ms": 221.3517070437471,
      "min_ms": 209.5190999098122,
      "max_ms": 230.49596324563026
    },
    "Q4": {
      "all_ms": [
        219.56064412370324,
        260.73061069473624,
        292.19414200633764
      ],
      "average_ms": 257.4951322749257,
      "min_ms": 219.56064412370324,
      "max_ms": 292.19414200633764
    },
    "Q6": {
      "all_ms": [
        324.54879488795996,
        307.69025813788176,
        332.01153529807925
      ],
      "average_ms": 321.4168627746403,
      "min_ms": 307.69025813788176,
      "max_ms": 332.01153529807925
    }
  },
  "MonetDB": {
    "Q1": {
      "all_ms": [
        686.5740241482854,
        712.0336396619678,
        724.5471579954028
      ],
      "average_ms": 707.7182739352187,
      "min_ms": 686.5740241482854,
      "max_ms": 724.5471579954028
    },
    "Q2": {
      "all_ms": [
        81.47339802235365,
        81.94221882149577,
        81.17895573377609
      ],
      "average_ms": 81.53152419254184,
      "min_ms": 81.17895573377609,
      "max_ms": 81.94221882149577
    },
    "Q24": {
      "all_ms": [
        8028.634744696319,
        7593.54209760204,
        7888.07070767507
      ],
      "average_ms": 7836.749183324476,
      "min_ms": 7593.54209760204,
      "max_ms": 8028.634744696319
    },
    "Q3": {
      "all_ms": [
        4145.945452153683,
        4149.44360870868,
        4348.694152198732
      ],
      "average_ms": 4214.694404353698,
      "min_ms": 4145.945452153683,
      "max_ms": 4348.694152198732
    },
    "Q4": {
      "all_ms": [
        9911.150554195046,
        10127.753759268671,
        10338.403961155564
      ],
      "average_ms": 10125.769424873093,