{
  "PostgreSQL": {
    "Q1": {
      "all_ms": [
        19664.39027711749,
        19460.485885851085,
        19449.424716178328
      ],
      "average_ms": 19524.766959715635,
      "min_ms": 19449.424716178328,
      "max_ms": 19664.39027711749
    },
    "Q2": {
      "all_ms": [
        2971.358898561448,
        2909.077965654433,
        2899.1235150024295
      ],
      "average_ms": 2926.5201264061034,
      "min_ms": 2899.1235150024295,
      "max_ms": 2971.358898561448
    },
    "Q24": {
      "all_ms": [
        6806.896765250713,
        6851.424966938794,
        6693.265388254076
      ],
      "average_ms": 6783.8623734811945,
      "min_ms": 6693.265388254076,
      "max_ms": 6851.424966938794
    },
    "Q3": {
      "all_ms": [
        3484.819680918008,
        3439.55745594576,
        3463.7207025662065
      ],
      "average_ms": 3462.6992798099914,
      "min_ms": 3439.55745594576,
      "max_ms": 3484.819680918008
    },
    "Q4": {
      "all_ms": [
        4823.680547066033,
        4909.983854275197,
        4969.920509960502
      ],
      "average_ms": 4901.19497043391,
      "min_ms": 4823.680547066033,
      "max_ms": 4969.920509960502
    },
    "Q6": {
      "all_ms": [
        4008.327805902809,
        4002.714168280363,
        4092.454264871776
      ],
      "average_ms": 4034.4987463516495,
      "min_ms": 4002.714168280363,
      "max_ms": 4092.454264871776
    }
  },
  "DuckDB": {
    "Q1": {
      "all_ms": [
        55.41977286338806,
        55.34774763509631,
        55.95661327242851
      ],
      "average_ms": 55.574711256970964,
      "min_ms": 55.34774763509631,
      "max_ms": 55.95661327242851
    },
    "Q2": {
      "all_ms": [
        90.64782503992319,
        90.71471821516752,
        93.9335161820054
      ],
      "average_ms": 91.76535314569871,
      "min_ms": 90.64782503992319,
      "max_ms": 93.9335161820054
    },
    "Q24": {
      "all_ms": [
        323.09452863410115,
        364.4882198423147,
        360.9214602038264
      ],
      "average_ms": 349.5014028934141,
      "min_ms": 323.09452863410115,
      "max_ms": 364.4882198423147
    },
    "Q3": {
      "all_ms": [
        213.10311881825328,
        212.078008800745,
        212.8120749257505
      ],
      "average_ms": 212.66440084824958,
      "min_ms": 212.078008800745,
      "max_ms": 213.10311881825328
    },
    "Q4": {
      "all_ms": [
        369.7506603784859,
        400.6832321174443,
        398.27978191897273
      ],
      "average_ms": 389.57122480496764,
      "min_ms": 369.7506603784859,
      "max_ms": 400.6832321174443
    },
    "Q6": {
      "all_ms": [
        446.33711921051145,
        456.5869802609086,
        445.8746942691505
      ],
      "average_ms": 449.5995979135235,
      "min_ms": 445.8746942691505,
      "max_ms": 456.5869802609086
    }
  },
  "ClickHouse": {
    "Q1": {
      "all_ms": [
        75.39223600178957,
        69.91328811272979,
        90.00718407332897
      ],
      "average_ms": 78.43756939594944,
      "min_ms": 69.91328811272979,
      "max_ms": 90.00718407332897
    },
    "Q2": {
      "all_ms": [
        191.6922559030354,
        184.6024440601468,
        210.71878029033542
      ],
      "average_ms": 195.67116008450589,
      "min_ms": 184.6024440601468,
      "max_ms": 210.71878029033542
    },
    "Q24": {
      "all_ms": [
        554.9353687092662,
        534.5921199768782,
        537.1223320253193
      ],
      "average_ms": 542.2166069038212,
      "min_ms": 534.5921199768782,
      "max_ms": 554.9353687092662
    },
    "Q3": {
      "all_ms": [
        300.61802780255675,
        277.2512617520988,
        312.70164297893643
      ],
      "average_ms": 296.85697751119733,
      "min_ms": 277.2512617520988,
      "max_ms": 312.70164297893643
    },
    "Q4": {
      "all_ms": [
        1458.5008900612593,
        1450.7201029919088,
        1498.9056228660047
      ],
      "average_ms": 1469.3755386397243,
      "min_ms": 1450.7201029919088,
      "max_ms": 1498.9056228660047
    },
    "Q6": {
      "all_ms": [
        4598.982660099864,
        4706.993712112308,
        4942.970470059663
      ],
      "average_ms": 4749.648947423945,
      "min_ms": 4598.982660099864,
      "max_ms": 4942.970470059663
    }
  },
  "Umbra": {
    "Q1": {
      "all_ms": [
        81.99938898906112,
        59.79632120579481,
        59.98282507061958
      ],
      "average_ms": 67.2595117551585,
      "min_ms": 59.79632120579481,
      "max_ms": 81.99938898906112
    },
    "Q2": {
      "all_ms": [
        168.89943927526474,
        147.22648821771145,
        145.64709085971117
      ],
      "average_ms": 153.9243394508958,
      "min_ms": 145.64709085971117,
      "max_ms": 168.89943927526474
    },
    "Q24": {
      "all_ms": [
        351.2165150605142,
        339.26379680633545,
        328.408642206341
      ],
      "average_ms": 339.6296513577302,
      "min_ms": 328.408642206341,
      "max_ms": 351.2165150605142
    },
    "Q3": {
      "all_ms": [
        213.75182177871466,
        187.81657190993428,
        207.6136884279549
      ],
      "average_ms": 203.06069403886795,
      "min_ms": 187.81657190993428,
      "max_ms": 213.75182177871466
    },
    "Q4": {
      "all_ms": [
        231.04693181812763,
        247.45481088757515,
        275.4877577535808
      ],
      "average_ms": 251.32983348642787,
      "min_ms": 231.04693181812763,
      "max_ms": 275.4877577535808
    },
    "Q6": {
      "all_ms": [
        293.85422682389617,
        293.8171490095556,
        347.2094018943608
      ],
      "average_ms": 311.6269259092708,
      "min_ms": 293.8171490095556,
      "max_ms": 347.2094018943608
    }
  },
  "MonetDB": {
    "Q1": {
      "all_ms": [
        704.8294567503035,
        696.5013477019966,
        707.373914308846
      ],
      "average_ms": 702.901572920382,
      "min_ms": 696.5013477019966,
      "max_ms": 707.373914308846
    },
    "Q2": {
      "all_ms": [
        85.76734410598874,
        83.26248312368989,
        88.51885888725519
      ],
      "average_ms": 85.84956203897794,
      "min_ms": 83.26248312368989,
      "max_ms": 88.51885888725519
    },
    "Q24": {
      "all_ms": [
        6104.795366059989,
        6731.521701905876,
        6004.929190035909
      ],
      "average_ms": 6280.415419333925,
      "min_ms": 6004.929190035909,
      "max_ms": 6731.521701905876
    },
    "Q3": {
      "all_ms": [
        4186.453956179321,
        4372.051439713687,
        4151.15530975163
      ],
      "average_ms": 4236.553568548213,
      "min_ms": 4151.15530975163,
      "max_ms": 4372.051439713687
    },
    "Q4": {
      "all_ms": [
        9980.735358782113,
        9993.424715008587,
        10427.568098995835
      ],
      "average_ms": 10133.909390928844,
      "min_ms": 9980.735358782113,
      "max_ms": 10427.568098995835
    },
    "Q6": {
      "all_ms": [
        6509.970191866159,
        6559.724936727434,
        6898.528867866844
      ],
      "average_ms": 6656.074665486813,
      "min_ms": 6509.970191866159,
      "max_ms": 6898.528867866844
    }
  }
}