{
  "mode": "hot",
  "results": {
    "Original\nC++": {
      "Q1": [
        52.349999999999994,
        48.92,
        48.89,
        48.62,
        49.050000000000004,
        52.21,
        48.26
      ],
      "Q3": [
        26.51,
        23.61,
        26.78,
        23.63,
        25.599999999999998,
        25.68,
        23.32
      ],
      "Q6": [
        34.34,
        32.49,
        29.529999999999998,
        31.910000000000004,
        31.37,
        30.41,
        32.54
      ],
      "Q9": [
        81.67,
        89.92,
        82.17,
        89.71000000000001,
        84.15,
        89.14,
        81.33000000000001
      ],
      "Q18": [
        50.849999999999994,
        46.760000000000005,
        46.65,
        52.22,
        50.61,
        50.12,
        47.15
      ]
    },
    "Optimized\nC++": {
      "Q1": [
        40.650000000000006,
        41.78,
        40.650000000000006,
        37.72,
        37.71,
        38.21,
        38.03
      ],
      "Q3": [
        27.93,
        26.43,
        24.68,
        24.189999999999998,
        24.63,
        26.860000000000003,
        27.21
      ],
      "Q6": [
        38.019999999999996,
        37.980000000000004,
        36.150000000000006,
        34.089999999999996,
        30.89,
        35.46,
        35.76
      ],
      "Q9": [
        61.41,
        62.599999999999994,
        68.19,
        65.97,
        66.06,
        60.68,
        65.77
      ],
      "Q18": [
        19.17,
        19.97,
        19.900000000000002,
        20.990000000000002,
        19.99,
        20.650000000000002,
        20.29
      ]
    },
    "Rust": {
      "Q1": [
        71.86000000000001,
        71.55,
        72.97,
        71.63,
        73.55,
        70.51,
        69.55
      ],
      "Q3": [
        50.65,
        53.739999999999995,
        49.919999999999995,
        50.58,
        59.4,
        51.88,
        51.29
      ],
      "Q6": [
        22.63,
        23.439999999999998,
        24.02,
        23.16,
        22.95,
        23.56,
        26.119999999999997
      ],
      "Q9": [
        102.23,
        100.7,
        104.11999999999999,
        98.14,
        100.99,
        102.00999999999999,
        105.28
      ],
      "Q18": [
        36.17,
        33.39,
        31.43,
        31.560000000000002,
        31.23,
        29.66,
        36.089999999999996
      ]
    }
  }
}