{
  "workload": "tpc-h",
  "mode": "hot",
  "results": {
    "Multi-Agent": {
      "Q1": [
        49.510000000000005,
        48.44,
        51.14
      ],
      "Q3": [
        70.23,
        68.42,
        44.72
      ],
      "Q6": [
        14.61,
        17.81,
        17.93
      ],
      "Q9": [
        40.66,
        37.949999999999996,
        42.4
      ],
      "Q18": [
        68.08,
        67.52,
        68.63
      ]
    },
    "Single-Agent\n(High-Level)": {
      "Q1": [
        30.5,
        27.44,
        27.349999999999998
      ],
      "Q3": [
        94.29,
        101.86,
        112.02
      ],
      "Q6": [
        6.390000000000001,
        5.1499999999999995,
        6.17
      ],
      "Q9": [
        118.17,
        118.03,
        118.24
      ],
      "Q18": [
        24.71,
        27.5,
        24.38
      ]
    },
    "Single-Agent\n(Guided)": {
      "Q1": [
        33.59,
        35.42,
        33.81
      ],
      "Q3": [
        356.09000000000003,
        358.87,
        354.84999999999997
      ],
      "Q6": [
        7.44,
        7.07,
        7.069999999999999
      ],
      "Q9": [
        32.86,
        32.44,
        32.33
      ],
      "Q18": [
        26.49,
        25.9,
        24.669999999999998
      ]
    }
  },
  "telemetry": {
    "Multi-Agent": {
      "total_wall_clock_ms": 5455390,
      "total_tokens": {
        "input": 302,
        "output": 478375,
        "cache_read": 12031509,
        "cache_creation": 897741
      },
      "total_cost_usd": 14.15251245,
      "phases": {
        "phase1": {
          "total_ms": 1873829,
          "agents": {
            "workload_analyzer": {
              "duration_ms": 430173,
              "tokens": {
                "input": 9,
                "output": 8468,
                "cache_read": 182962,
                "cache_creation": 16936
              },
              "cost_usd": 0.24544559999999999
            },
            "storage_designer": {
              "duration_ms": 1096507,
              "tokens": {
                "input": 15,
                "output": 71769,
                "cache_read": 1058658,
                "cache_creation": 83070
              },
              "cost_usd": 1.7056899
            },
            "storage_designer_pass2": {
              "duration_ms": 347149,
              "tokens": {
                "input": 9,
                "output": 17547,
                "cache_read": 224129,
                "cache_creation": 45895
              },
              "cost_usd": 0.50257695
            }
          }
        },
        "query_Q1": {
          "total_ms": 2664830,
          "agents": {
            "query_planner": {
              "duration_ms": 32059,
              "tokens": {
                "input": 3,
                "output": 1905,
                "cache_read": 36322,
                "cache_creation": 5917
              },
              "cost_usd": 0.06166935
            },
            "code_generator": {
              "duration_ms": 1046065,
              "tokens": {
                "input": 90,
                "output": 62992,
                "cache_read": 3560349,
                "cache_creation": 156585
              },
              "cost_usd": 2.6004484499999996
            },
            "query_optimizer": {
              "duration_ms": 1586706,
              "tokens": {
                "input": 29,
                "output": 84152,
                "cache_read": 1291502,
                "cache_creation": 127595
              },
              "cost_usd": 2.12829885
            }
          }
        },
        "query_Q6": {
          "total_ms": 134057,
          "agents": {
            "query_planner": {
              "duration_ms": 38015,
              "tokens": {
                "input": 3,
                "output": 2185,
                "cache_read": 35711,
                "cache_creation": 5501
              },
              "cost_usd": 0.06412605
            },
            "code_generator": {
              "duration_ms": 96042,
              "tokens": {
                "input": 14,
                "output": 5397,
                "cache_read": 384476,
                "cache_creation": 21027
              },
              "cost_usd": 0.27519105
            }
          }
        },
        "query_Q18": {
          "total_ms": 931668,
          "agents": {
            "query_planner": {
              "duration_ms": 50671,
              "tokens": {
                "input": 3,
                "output": 3294,
                "cache_read": 36871,
                "cache_creation": 7777
              },
              "cost_usd": 0.08964405
            },
            "code_generator": {
              "duration_ms": 511328,
              "tokens": {
                "input": 29,
                "output": 28328,
                "cache_read": 922447,
                "cache_creation": 60209
              },
              "cost_usd": 0.92752485
            },
            "query_optimizer": {
              "duration_ms": 369669,
              "tokens": {
                "input": 5,
                "output": 22059,
                "cache_read": 123125,
                "cache_creation": 32495
              },
              "cost_usd": 0.48969375
            }
          }
        },
        "query_Q3": {
          "total_ms": 1264483,
          "agents": {
            "query_planner": {
              "duration_ms": 51585,
              "tokens": {
                "input": 3,
                "output": 3041,
                "cache_read": 37168,
                "cache_creation": 7869
              },
              "cost_usd": 0.08628315
            },
            "code_generator": {
              "duration_ms": 585481,
              "tokens": {
                "input": 29,
                "output": 34684,
                "cache_read": 1208445,
                "cache_creation": 97160
              },
              "cost_usd": 1.2472305000000001
            },
            "query_optimizer": {
              "duration_ms": 627417,
              "tokens": {
                "input": 8,
                "output": 30628,
                "cache_read": 291936,
                "cache_creation": 42246
              },
              "cost_usd": 0.7054473
            }
          }
        },
        "query_Q9": {
          "total_ms": 1773325,
          "agents": {
            "query_planner": {
              "duration_ms": 65189,
              "tokens": {
                "input": 3,
                "output": 3922,
                "cache_read": 37995,
                "cache_creation": 9565
              },
              "cost_usd": 0.10610625000000001
            },
            "code_generator": {
              "duration_ms": 856057,
              "tokens": {
                "input": 36,
                "output": 52207,
                "cache_read": 1771344,
                "cache_creation": 115129
              },
              "cost_usd": 1.74634995
            },
            "query_optimizer": {
              "duration_ms": 852079,
              "tokens": {
                "input": 14,
                "output": 45797,
                "cache_read": 828069,
                "cache_creation": 62765
              },
              "cost_usd": 1.1707864499999998
            }
          }
        }
      }
    },
    "Single-Agent\n(High-Level)": {
      "mode": "single-agent",
      "prompt_variant": "high-level",
      "model": "sonnet",
      "status": "timeout",
      "total_wall_clock_ms": 7196972,
      "agent_duration_ms": 7196972,
      "tokens": {
        "input": 361,
        "output": 358724,
        "cache_read": 26072280,
        "cache_creation": 1157249
      },
      "cost_usd": 17.54,
      "source": "recovered from session JSONL files"
    },
    "Single-Agent\n(Guided)": {
      "mode": "single-agent",
      "prompt_variant": "guided",
      "model": "sonnet",
      "status": "timeout",
      "total_wall_clock_ms": 6786853,