{
  "GenDB": {
    "Q1": {
      "all_ms": [
        36.87,
        47.17,
        36.31
      ],
      "average_ms": 40.11666666666667,
      "min_ms": 36.31,
      "max_ms": 47.17
    },
    "Q18": {
      "all_ms": [
        69.48,
        67.83,
        65.61
      ],
      "average_ms": 67.64,
      "min_ms": 65.61,
      "max_ms": 69.48
    },
    "Q3": {
      "all_ms": [
        70.13000000000001,
        47.33,
        46.870000000000005
      ],
      "average_ms": 54.77666666666667,
      "min_ms": 46.870000000000005,
      "max_ms": 70.13000000000001
    },
    "Q6": {
      "all_ms": [
        13.07,
        12.66,
        15.45
      ],
      "average_ms": 13.726666666666667,
      "min_ms": 12.66,
      "max_ms": 15.45
    },
    "Q9": {
      "all_ms": [
        38.529999999999994,
        37.68,
        37.86
      ],
      "average_ms": 38.02333333333333,
      "min_ms": 37.68,
      "max_ms": 38.529999999999994
    }
  },
  "PostgreSQL": {
    "Q1": {
      "all_ms": [
        6550.833295099437,
        6434.065897017717,
        6394.793764222413
      ],
      "average_ms": 6459.897652113189,
      "min_ms": 6394.793764222413,
      "max_ms": 6550.833295099437
    },
    "Q18": {
      "all_ms": [
        31573.945336975157,
        31669.903404079378,
        34230.48936203122
      ],
      "average_ms": 32491.446034361918,
      "min_ms": 31573.945336975157,
      "max_ms": 34230.48936203122
    },
    "Q3": {
      "all_ms": [
        2201.0042988695204,
        2081.4374536275864,
        2056.9945541210473
      ],
      "average_ms": 2113.145435539385,
      "min_ms": 2056.9945541210473,
      "max_ms": 2201.0042988695204
    },
    "Q6": {
      "all_ms": [
        1251.7759311012924,
        1241.7814596556127,
        1246.2085648439825
      ],
      "average_ms": 1246.5886518669624,
      "min_ms": 1241.7814596556127,
      "max_ms": 1251.7759311012924
    },
    "Q9": {
      "all_ms": [
        43444.68355923891,
        43447.70741276443,
        42826.20836002752
      ],
      "average_ms": 43239.53311067695,
      "min_ms": 42826.20836002752,
      "max_ms": 43447.70741276443
    }
  },
  "DuckDB": {
    "Q1": {
      "all_ms": [
        84.50978994369507,
        83.2565538585186,
        83.73217564076185
      ],
      "average_ms": 83.83283981432517,
      "min_ms": 83.2565538585186,
      "max_ms": 84.50978994369507
    },
    "Q18": {
      "all_ms": [
        174.8812492005527,
        180.7448649778962,
        174.6590957045555
      ],
      "average_ms": 176.76173662766814,
      "min_ms": 174.6590957045555,
      "max_ms": 180.7448649778962
    },
    "Q3": {
      "all_ms": [
        87.11536368355155,
        75.28849085792899,
        86.5207938477397
      ],
      "average_ms": 82.97488279640675,
      "min_ms": 75.28849085792899,
      "max_ms": 87.11536368355155
    },
    "Q6": {
      "all_ms": [
        19.30674212053418,
        19.359352998435497,
        19.335347693413496
      ],
      "average_ms": 19.33381427079439,
      "min_ms": 19.30674212053418,
      "max_ms": 19.359352998435497
    },
    "Q9": {
      "all_ms": [
        231.91659105941653,
        228.98051608353853,
        233.2037901505828
      ],
      "average_ms": 231.36696576451263,
      "min_ms": 228.98051608353853,
      "max_ms": 233.2037901505828
    }
  },
  "ClickHouse": {
    "Q1": {
      "all_ms": [
        248.86522814631462,
        243.82502911612391,
        265.2074112556875
      ],
      "average_ms": 252.63255617270866,
      "min_ms": 243.82502911612391,
      "max_ms": 265.2074112556875
    },
    "Q18": {
      "all_ms": [
        333.51889392361045,
        293.07500272989273,
        284.3440086580813
      ],
      "average_ms": 303.6459684371948,
      "min_ms": 284.3440086580813,
      "max_ms": 333.51889392361045
    },
    "Q3": {
      "all_ms": [
        430.6455869227648,
        415.1812307536602,
        456.1590398661792
      ],
      "average_ms": 433.9952858475347,
      "min_ms": 415.1812307536602,
      "max_ms": 456.1590398661792
    },
    "Q6": {
      "all_ms": [
        81.87532797455788,
        80.52375027909875,
        81.49710297584534
      ],
      "average_ms": 81.29872707650065,
      "min_ms": 80.52375027909875,
      "max_ms": 81.87532797455788
    },
    "Q9": {
      "all_ms": [
        1308.932720683515,
        1375.548501033336,
        1322.5947567261755
      ],
      "average_ms": 1335.6919928143423,
      "min_ms": 1308.932720683515,
      "max_ms": 1375.548501033336
    }
  },
  "Umbra": {
    "Q1": {
      "all_ms": [
        87.34965417534113,
        83.72986409813166,
        76.88649371266365
      ],
      "average_ms": 82.65533732871215,
      "min_ms": 76.88649371266365,
      "max_ms": 87.34965417534113
    },
    "Q18": {
      "all_ms": [
        180.0764687359333,
        222.74069814011455,
        185.21260702982545
      ],
      "average_ms": 196.0099246352911,
      "min_ms": 180.0764687359333,
      "max_ms": 222.74069814011455
    },
    "Q3": {
      "all_ms": [
        64.10430325195193,
        64.007927197963,
        120.01502281054854
      ],
      "average_ms": 82.7090844201545,
      "min_ms": 64.007927197963,
      "max_ms": 120.01502281054854
    },
    "Q6": {
      "all_ms": [
        23.952884133905172,
        24.12001881748438,
        16.011775005608797
      ],
      "average_ms": 21.36155931899945,
      "min_ms": 16.011775005608797,
      "max_ms": 24.12001881748438
    },
    "Q9": {
      "all_ms": [
        240.3791449032724,
        187.842289917171,
        192.3299953341484
      ],
      "average_ms": 206.85047671819726,
      "min_ms": 187.842289917171,
      "max_ms": 240.3791449032724
    }
  },
  "MonetDB": {
    "Q1": {
      "all_ms": [
        480.416432954371,
        493.25632583349943,
        471.3897379115224
      ],
      "average_ms": 481.6874988997976,
      "min_ms": 471.3897379115224,
      "max_ms": 493.25632583349943
    },
    "Q18": {
      "all_ms": [
        514.4671243615448,
        530.5015970952809,
        523.1578648090363
      ],
      "average_ms": 522.7088620886207,
      "min_ms": 514.4671243615448,
      "max_ms": 530.5015970952809
    },
    "Q3": {
      "all_ms": [
        213.7442510575056,
        194.26679704338312,
        193.13074834644794
      ],
      "average_ms": 200.38059881577888,
      "min_ms": 193.13074834644794,
      "max_ms": 213.7442510575056
    },
    "Q6": {
      "all_ms": [
        38.41208107769489,
        37.062738090753555,
        37.03472763299942
      ],
      "average_ms": 37.50318226714929,
      "min_ms": 37.03472763299942,
      "max_ms": 38.41208107769489
    },
    "Q9": {
      "all_ms": [
        174.7402772307396,
        175.03673117607832,
        172.42513317614794
      ],
      "average_ms": 174.06738052765527,
      "min_ms": 172.42513317614794,
      "max_ms": 175.03673117607832
    }
  }
}