stmt,rfile,cnt,num_filings,avg_line_num
BS,H,3142998,86061,19.579926
CF,H,2934522,85562,24.439562
IS,H,1766995,86002,16.588160
EQ,H,1242103,82591,20.907351
CI,H,252621,32734,7.155090
UN,H,233939,4615,22.804026
SI,H,26226,1882,48.267330
CF,X,84,2,40.892857
BS,X,75,2,33.066667
SI,X,57,2,145.526316
IS,X,54,2,26.925926
EQ,X,29,1,23.724138
UN,X,19,1,13.000000
CP,H,4,4,30.250000
