{
  "GenDB": {
    "Q1": {
      "all_ms": [
        14.270000000000001,
        13.620000000000001,
        12.149999999999999
      ],
      "average_ms": 13.346666666666666,
      "min_ms": 12.149999999999999,
      "max_ms": 14.270000000000001
    },
    "Q2": {
      "all_ms": [
        96.82,
        99.56,
        104.08
      ],
      "average_ms": 100.15333333333332,
      "min_ms": 96.82,
      "max_ms": 104.08
    },
    "Q24": {
      "all_ms": [
        95.21,
        95.94000000000001,
        94.09
      ],
      "average_ms": 95.08,
      "min_ms": 94.09,
      "max_ms": 95.94000000000001
    },
    "Q3": {
      "all_ms": [
        54.0,
        72.96000000000001,
        55.839999999999996
      ],
      "average_ms": 60.93333333333334,
      "min_ms": 54.0,
      "max_ms": 72.96000000000001
    },
    "Q4": {
      "all_ms": [
        126.36,
        126.57,
        128.1
      ],
      "average_ms": 127.00999999999999,
      "min_ms": 126.36,
      "max_ms": 128.1
    },
    "Q6": {
      "all_ms": [
        174.79,
        186.48000000000002,
        171.26
      ],
      "average_ms": 177.51,
      "min_ms": 171.26,
      "max_ms": 186.48000000000002
    }
  },
  "PostgreSQL": {
    "Q1": {
      "all_ms": [
        19617.584735155106,
        19572.45431188494,
        19599.430909845978
      ],
      "average_ms": 19596.489985628676,
      "min_ms": 19572.45431188494,
      "max_ms": 19617.584735155106
    },
    "Q2": {
      "all_ms": [
        1745.3229841776192,
        1732.3551839217544,
        1737.2099147178233
      ],
      "average_ms": 1738.2960276057322,
      "min_ms": 1732.3551839217544,
      "max_ms": 1745.3229841776192
    },
    "Q24": {
      "all_ms": [
        29507.935421075672,
        29232.193685136735,
        29899.160152766854
      ],
      "average_ms": 29546.42975299309,
      "min_ms": 29232.193685136735,
      "max_ms": 29899.160152766854
    },
    "Q3": {
      "all_ms": [
        3487.758755683899,
        3479.4217702001333,
        3500.384286046028
      ],
      "average_ms": 3489.1882706433535,
      "min_ms": 3479.4217702001333,
      "max_ms": 3500.384286046028
    },
    "Q4": {
      "all_ms": [
        2660.256311763078,
        2604.7963621094823,
        2606.6679400391877
      ],
      "average_ms": 2623.906871303916,
      "min_ms": 2604.7963621094823,
      "max_ms": 2660.256311763078
    },
    "Q6": {
      "all_ms": [
        4018.6593518592417,
        4018.281443975866,
        4029.3850069865584
      ],
      "average_ms": 4022.1086009405553,
      "min_ms": 4018.281443975866,
      "max_ms": 4029.3850069865584
    }
  },
  "DuckDB": {
    "Q1": {
      "all_ms": [
        59.59309032186866,
        55.71669992059469,
        55.56787084788084
      ],
      "average_ms": 56.95922036344806,
      "min_ms": 55.56787084788084,
      "max_ms": 59.59309032186866
    },
    "Q2": {
      "all_ms": [
        98.4766292385757,
        96.44403494894505,
        92.4934558570385
      ],
      "average_ms": 95.80470668151975,
      "min_ms": 92.4934558570385,
      "max_ms": 98.4766292385757
    },
    "Q24": {
      "all_ms": [
        402.35984697937965,
        354.775280226022,
        394.4307640194893
      ],
      "average_ms": 383.85529707496363,
      "min_ms": 354.775280226022,
      "max_ms": 402.35984697937965
    },
    "Q3": {
      "all_ms": [
        213.65523664280772,
        214.51820386573672,
        213.66113936528563
      ],
      "average_ms": 213.94485995794335,
      "min_ms": 213.65523664280772,
      "max_ms": 214.51820386573672
    },
    "Q4": {
      "all_ms": [
        405.23718064650893,
        393.3873609639704,
        431.5023189410567
      ],
      "average_ms": 410.042286850512,
      "min_ms": 393.3873609639704,
      "max_ms": 431.5023189410567
    },
    "Q6": {
      "all_ms": [
        443.54461785405874,
        419.6233185939491,
        427.5894886814058
      ],
      "average_ms": 430.25247504313785,
      "min_ms": 419.6233185939491,
      "max_ms": 443.54461785405874
    }
  },
  "ClickHouse": {
    "Q1": {
      "all_ms": [
        74.62615007534623,
        72.32679007574916,
        89.75362684577703
      ],
      "average_ms": 78.90218899895747,
      "min_ms": 72.32679007574916,
      "max_ms": 89.75362684577703
    },
    "Q2": {
      "all_ms": [
        180.31360395252705,
        182.69807705655694,
        201.92351005971432
      ],
      "average_ms": 188.3117303562661,
      "min_ms": 180.31360395252705,
      "max_ms": 201.92351005971432
    },
    "Q24": {
      "all_ms": [
        533.0660571344197,
        549.1423797793686,
        601.8333313986659
      ],
      "average_ms": 561.3472561041514,
      "min_ms": 533.0660571344197,
      "max_ms": 601.8333313986659
    },
    "Q3": {
      "all_ms": [
        348.393018823117,
        283.78796204924583,
        312.38960195332766
      ],
      "average_ms": 314.85686094189685,
      "min_ms": 283.78796204924583,
      "max_ms": 348.393018823117
    },
    "Q4": {
      "all_ms": [
        398.14893901348114,
        388.95778730511665,
        409.11998227238655
      ],
      "average_ms": 398.7422361969948,
      "min_ms": 388.95778730511665,
      "max_ms": 409.11998227238655
    },
    "Q6": {
      "all_ms": [
        479.99544302001595,
        471.9570418819785,
        499.48733299970627
      ],
      "average_ms": 483.8132726339002,
      "min_ms": 471.9570418819785,
      "max_ms": 499.48733299970627
    }
  },
  "Umbra": {
    "Q1": {
      "all_ms": [
        68.39430704712868,
        66.64534704759717,
        65.55256294086576
      ],
      "average_ms": 66.8640723451972,
      "min_ms": 65.55256294086576,
      "max_ms": 68.39430704712868
    },
    "Q2": {
      "all_ms": [
        97.0171233639121,
        63.92337707802653,
        63.9967187307775
      ],
      "average_ms": 74.97907305757205,
      "min_ms": 63.92337707802653,
      "max_ms": 97.0171233639121
    },
    "Q24": {
      "all_ms": [
        313.2045981474221,
        346.14581707865,
        319.2969458177686
      ],
      "average_ms": 326.21578701461357,
      "min_ms": 313.2045981474221,
      "max_ms": 346.14581707865
    },
    "Q3": {
      "all_ms": [
        214.64453171938658,
        205.69973066449165,
        190.5330172739923
      ],
      "average_ms": 203.62575988595685,
      "min_ms": 190.5330172739923,
      "max_ms": 214.64453171938658
    },
    "Q4": {
      "all_ms": [
        226.4493820257485,
        255.93852763995528,
        247.23455822095275
      ],
      "average_ms": 243.20748929555216,
      "min_ms": 226.4493820257485,
      "max_ms": 255.93852763995528
    },
    "Q6": {
      "all_ms": [
        335.15686681494117,
        338.441900908947,
        341.04845533147454
      ],
      "average_ms": 338.21574101845425,
      "min_ms": 335.15686681494117,
      "max_ms": 341.04845533147454
    }
  },
  "MonetDB": {
    "Q1": {
      "all_ms": [
        697.353458032012,
        696.1768511682749,
        707.3925510048866
      ],
      "average_ms": 700.3076200683912,
      "min_ms": 696.1768511682749,
      "max_ms": 707.3925510048866
    },
    "Q2": {
      "all_ms": [
        87.0868032798171,
        81.75622811540961,
        83.64090323448181
      ],
      "average_ms": 84.16131154323618,
      "min_ms": 81.75622811540961,
      "max_ms": 87.0868032798171
    },
    "Q24": {
      "all_ms": [
        7820.837713778019,
        7935.739973094314,
        8088.727288879454
      ],
      "average_ms": 7948.434991917263,
      "min_ms": 7820.837713778019,
      "max_ms": 8088.727288879454
    },
    "Q3": {
      "all_ms": [
        4275.309056974947,
        4225.850245915353,
        4230.14006158337
      ],
      "average_ms": 4243.766454824557,
      "min_ms": 4225.850245915353,
      "max_ms": 4275.309056974947
    },