{
  "total_wall_clock_ms": 952957,
  "total_tokens": {
    "input": 3944,
    "output": 140295,
    "cache_read": 9422510,
    "cache_creation": 360210
  },
  "total_cost_usd": 1.6783460000000001,
  "phases": {
    "phase1": {
      "total_ms": 516889,
      "agents": {
        "workload_analyzer": {
          "duration_ms": 67024,
          "tokens": {
            "input": 3454,
            "output": 8051,
            "cache_read": 370420,
            "cache_creation": 23514
          },
          "cost_usd": 0.08811480000000002
        },
        "storage_designer": {
          "duration_ms": 449865,
          "tokens": {
            "input": 65,
            "output": 37091,
            "cache_read": 2272070,
            "cache_creation": 73515
          },
          "cost_usd": 0.40369659999999996
        }
      }
    },
    "query_Q6": {
      "total_ms": 130251,
      "agents": {
        "code_generator": {
          "duration_ms": 130251,
          "tokens": {
            "input": 101,
            "output": 14654,
            "cache_read": 1358338,
            "cache_creation": 36960
          },
          "cost_usd": 0.20432384
        }
      }
    },
    "query_Q1": {
      "total_ms": 303762,
      "agents": {
        "code_generator": {
          "duration_ms": 237041,
          "tokens": {
            "input": 98,
            "output": 27040,
            "cache_read": 1669353,
            "cache_creation": 57908
          },
          "cost_usd": 0.29969464
        },
        "query_optimizer": {
          "duration_ms": 66721,
          "tokens": {
            "input": 36,
            "output": 8674,
            "cache_read": 504300,
            "cache_creation": 27449
          },
          "cost_usd": 0.10251779999999999
        }
      }
    },
    "query_Q3": {
      "total_ms": 419129,
      "agents": {
        "code_generator": {
          "duration_ms": 241655,
          "tokens": {
            "input": 82,
            "output": 24306,
            "cache_read": 1964271,
            "cache_creation": 55471
          },
          "cost_usd": 0.30990228000000003
        },
        "query_optimizer": {
          "duration_ms": 177474,
          "tokens": {
            "input": 108,
            "output": 20479,
            "cache_read": 1283758,
            "cache_creation": 85393
          },
          "cost_usd": 0.27009604000000004
        }
      }
    }
  }
}