{
  "GenDB": {
    "Q1": {
      "all_ms": [
        2381.0,
        2414.0,
        2379.0
      ],
      "best_ms": 2379.0
    },
    "Q3": {
      "all_ms": [
        2963.0,
        2879.0,
        2777.0
      ],
      "best_ms": 2777.0
    },
    "Q6": {
      "all_ms": [
        239.0,
        298.0,
        254.0
      ],
      "best_ms": 239.0
    }
  },
  "PostgreSQL": {
    "Q1": {
      "all_ms": [
        42163.142770994455,
        20063.96342907101,
        19189.261056948453
      ],
      "best_ms": 19189.261056948453
    },
    "Q3": {
      "all_ms": [
        7025.08371300064,
        6845.454636961222,
        7033.094132086262
      ],
      "best_ms": 6845.454636961222
    },
    "Q6": {
      "all_ms": [
        3070.875926874578,
        3052.4104251526296,
        3058.964469935745
      ],
      "best_ms": 3052.4104251526296
    }
  },
  "DuckDB": {
    "Q1": {
      "all_ms": [
        188.4002131409943,
        89.46566586382687,
        89.58008792251348
      ],
      "best_ms": 89.46566586382687
    },
    "Q3": {
      "all_ms": [
        121.07495497912169,
        101.40631115064025,
        100.98260222002864
      ],
      "best_ms": 100.98260222002864
    },
    "Q6": {
      "all_ms": [
        25.71937907487154,
        22.639689035713673,
        23.521696915850043
      ],
      "best_ms": 22.639689035713673
    }
  }
}