{
  "total_wall_clock_ms": 1971949,
  "total_tokens": {
    "input": 5675,
    "output": 416452,
    "cache_read": 37305198,
    "cache_creation": 1153831
  },
  "total_cost_usd": 5.8085948400000005,
  "phases": {
    "phase1": {
      "total_ms": 317562,
      "agents": {
        "workload_analyzer": {
          "duration_ms": 35385,
          "tokens": {
            "input": 1999,
            "output": 3987,
            "cache_read": 74926,
            "cache_creation": 11625
          },
          "cost_usd": 0.035166279999999994
        },
        "storage_designer": {
          "duration_ms": 282177,
          "tokens": {
            "input": 58,
            "output": 31124,
            "cache_read": 991108,
            "cache_creation": 55012
          },
          "cost_usd": 0.25884303999999997
        }
      }
    },
    "query_Q6": {
      "total_ms": 1285820,
      "agents": {
        "code_generator": {
          "duration_ms": 99836,
          "tokens": {
            "input": 66,
            "output": 9921,
            "cache_read": 843408,
            "cache_creation": 29256
          },
          "cost_usd": 0.13646544
        },
        "learner": {
          "duration_ms": 258411,
          "tokens": {
            "input": 193,
            "output": 21739,
            "cache_read": 1424307,
            "cache_creation": 80996
          },
          "cost_usd": 0.28205096
        },
        "orchestrator_agent": {
          "duration_ms": 65773,
          "tokens": {
            "input": 50,
            "output": 5338,
            "cache_read": 214876,
            "cache_creation": 42159
          },
          "cost_usd": 0.08074107999999999
        },
        "execution_optimizer": {
          "duration_ms": 614484,
          "tokens": {
            "input": 105,
            "output": 69865,
            "cache_read": 6715769,
            "cache_creation": 124683
          },
          "cost_usd": 0.94148852
        },
        "i/o_optimizer": {
          "duration_ms": 247316,
          "tokens": {
            "input": 57,
            "output": 26625,
            "cache_read": 2139313,
            "cache_creation": 57648
          },
          "cost_usd": 0.33533863999999997
        }
      }
    },
    "query_Q1": {
      "total_ms": 1649073,
      "agents": {
        "code_generator": {
          "duration_ms": 198683,
          "tokens": {
            "input": 2081,
            "output": 19608,
            "cache_read": 2215474,
            "cache_creation": 49251
          },
          "cost_usd": 0.30658572
        },
        "learner": {
          "duration_ms": 303415,
          "tokens": {
            "input": 226,
            "output": 25152,
            "cache_read": 1870307,
            "cache_creation": 120244
          },
          "cost_usd": 0.37065736000000005
        },
        "orchestrator_agent": {
          "duration_ms": 73735,
          "tokens": {
            "input": 58,
            "output": 5833,
            "cache_read": 257948,
            "cache_creation": 25504
          },
          "cost_usd": 0.06951824
        },
        "query_rewriter": {
          "duration_ms": 176512,
          "tokens": {
            "input": 41,
            "output": 17855,
            "cache_read": 2036497,
            "cache_creation": 46055
          },
          "cost_usd": 0.28042756
        },
        "execution_optimizer": {
          "duration_ms": 382882,
          "tokens": {
            "input": 107,
            "output": 42229,
            "cache_read": 4665753,
            "cache_creation": 106477
          },
          "cost_usd": 0.64873884
        },
        "i/o_optimizer": {
          "duration_ms": 513846,
          "tokens": {
            "input": 104,
            "output": 50634,
            "cache_read": 6312169,
            "cache_creation": 125113
          },
          "cost_usd": 0.8327057200000001
        }
      }
    },
    "query_Q3": {
      "total_ms": 1026733,
      "agents": {
        "code_generator": {
          "duration_ms": 214315,
          "tokens": {
            "input": 76,
            "output": 17314,
            "cache_read": 1906828,
            "cache_creation": 41638
          },
          "cost_usd": 0.26350104
        },
        "learner": {
          "duration_ms": 255625,
          "tokens": {
            "input": 288,
            "output": 18972,
            "cache_read": 1404840,
            "cache_creation": 88476
          },
          "cost_usd": 0.2769816
        },
        "orchestrator_agent": {
          "duration_ms": 67533,
          "tokens": {
            "input": 57,
            "output": 5426,
            "cache_read": 255878,
            "cache_creation": 24904
          },
          "cost_usd": 0.06712384
        },
        "execution_optimizer": {
          "duration_ms": 367437,
          "tokens": {
            "input": 79,
            "output": 33934,
            "cache_read": 2616795,
            "cache_creation": 86811
          },
          "cost_usd": 0.4319538
        },
        "join_optimizer": {
          "duration_ms": 121823,
          "tokens": {
            "input": 30,
            "output": 10896,
            "cache_read": 1359002,
            "cache_creation": 37979
          },
          "cost_usd": 0.19030716000000003
        }
      }
    }
  }
}