{
  "GenDB": {
    "Q1": {
      "all_ms": [
        80.0
      ],
      "best_ms": 80.0
    },
    "Q3": {
      "all_ms": [
        137.0
      ],
      "best_ms": 137.0
    },
    "Q6": {
      "all_ms": [
        19.0
      ],
      "best_ms": 19.0
    }
  },
  "PostgreSQL": {
    "Q1": {
      "all_ms": [
        2373.3430481515825,
        2239.581688074395,
        2333.111335989088
      ],
      "best_ms": 2239.581688074395
    },
    "Q3": {
      "all_ms": [
        443.20224202238023,
        425.3208548761904,
        433.7305570952594
      ],
      "best_ms": 425.3208548761904
    },
    "Q6": {
      "all_ms": [
        418.2306749280542,
        413.99714909493923,
        424.4733829982579
      ],
      "best_ms": 413.99714909493923
    }
  },
  "DuckDB": {
    "Q1": {
      "all_ms": [
        36.27625503577292,
        19.621274899691343,
        15.51781501621008
      ],
      "best_ms": 15.51781501621008
    },
    "Q3": {
      "all_ms": [
        34.135364927351475,
        27.48929592780769,
        36.42915794625878
      ],
      "best_ms": 27.48929592780769
    },
    "Q6": {
      "all_ms": [
        5.459476029500365,
        5.360508104786277,
        5.39048295468092
      ],
      "best_ms": 5.360508104786277
    }
  }
}