{
  "GenDB": {
    "Q1": {
      "all_ms": [
        22.0
      ],
      "best_ms": 22.0
    },
    "Q3": {
      "all_ms": [
        95.0
      ],
      "best_ms": 95.0
    },
    "Q6": {
      "all_ms": [
        15.0
      ],
      "best_ms": 15.0
    }
  },
  "PostgreSQL": {
    "Q1": {
      "all_ms": [
        1799.7933069709688,
        1732.419935055077,
        1747.7596458047628
      ],
      "best_ms": 1732.419935055077
    },
    "Q3": {
      "all_ms": [
        340.0078318081796,
        314.74731699563563,
        323.34887189790606
      ],
      "best_ms": 314.74731699563563
    },
    "Q6": {
      "all_ms": [
        273.10689096339047,
        266.20573992840946,
        277.92000607587397
      ],
      "best_ms": 266.20573992840946
    }
  },
  "DuckDB": {
    "Q1": {
      "all_ms": [
        34.565549809485674,
        19.452772103250027,
        17.855733865872025
      ],
      "best_ms": 17.855733865872025
    },
    "Q3": {
      "all_ms": [
        49.00643206201494,
        29.949374962598085,
        27.629025047644973
      ],
      "best_ms": 27.629025047644973
    },
    "Q6": {
      "all_ms": [
        5.587443010881543,
        9.049565065652132,
        6.6505069844424725
      ],
      "best_ms": 5.587443010881543
    }
  }
}