{
  "GenDB": {
    "Q1": {
      "all_ms": [
        78.0
      ],
      "best_ms": 78.0
    },
    "Q3": {
      "all_ms": [
        133.0
      ],
      "best_ms": 133.0
    },
    "Q6": {
      "all_ms": [
        18.0
      ],
      "best_ms": 18.0
    }
  },
  "PostgreSQL": {
    "Q1": {
      "all_ms": [
        1778.8250290323049,
        1720.0817179400474,
        1711.8999809026718
      ],
      "best_ms": 1711.8999809026718
    },
    "Q3": {
      "all_ms": [
        508.44566198065877,
        490.32923206686974,
        486.57838511280715
      ],
      "best_ms": 486.57838511280715
    },
    "Q6": {
      "all_ms": [
        282.2427412029356,
        284.0732338372618,
        282.321308972314
      ],
      "best_ms": 282.2427412029356
    }
  },
  "DuckDB": {
    "Q1": {
      "all_ms": [
        31.330443918704987,
        23.87204603292048,
        19.006898859515786
      ],
      "best_ms": 19.006898859515786
    },
    "Q3": {
      "all_ms": [
        26.42041095532477,
        39.70096679404378,
        27.320811059325933
      ],
      "best_ms": 26.42041095532477
    },
    "Q6": {
      "all_ms": [
        6.013790145516396,
        6.514027016237378,
        6.224564043805003
      ],
      "best_ms": 6.013790145516396
    }
  }
}