{
  "GenDB": {
    "Q1": {
      "all_ms": [
        224.0
      ],
      "best_ms": 224.0
    },
    "Q3": {
      "all_ms": [
        303.0
      ],
      "best_ms": 303.0
    },
    "Q6": {
      "all_ms": [
        28.0
      ],
      "best_ms": 28.0
    }
  },
  "PostgreSQL": {
    "Q1": {
      "all_ms": [
        2244.3508298601955
      ],
      "best_ms": 2244.3508298601955
    },
    "Q3": {
      "all_ms": [
        452.2944970522076
      ],
      "best_ms": 452.2944970522076
    },
    "Q6": {
      "all_ms": [
        429.6031929552555
      ],
      "best_ms": 429.6031929552555
    }
  },
  "DuckDB": {
    "Q1": {
      "all_ms": [
        32.0803290233016
      ],
      "best_ms": 32.0803290233016
    },
    "Q3": {
      "all_ms": [
        57.24981287494302
      ],
      "best_ms": 57.24981287494302
    },
    "Q6": {
      "all_ms": [
        6.976275937631726
      ],
      "best_ms": 6.976275937631726
    }
  }
}